,id,time_spending,reasons_using,d_information,d_communication,d_new_friend,d_share,d_study,d_entainterment,number_friends,group_membership,SIU_INGroup,informational_use,SIU_1,SIU_2,SIU_3,entertainment_use,OEP_1,political_efficacy,OEP_2,OEP_3,OEP_4_Data,OEP_4,OFEP_1,OFEP_2,OFEP_3,OFEP_4,gender,age,barth_place,education,job,income,rural_urban_1,location,rural_urban_2,fav_party,OEP,OFEP,SIU,three_usage
0,1,3,"1, 2, 5",1,1,0,0,1,0,4,"1, 2, 3, 4",4,4,5,4,4,5,4,4,4,2,1,1,1,0,1,1,0,23,5,4,1,1,1,10,1,1,0.55,0.75,0.9,0.9
1,2,2,"1, 2, 4, 5",1,1,0,1,1,0,2,"1, 2, 3, 4",4,5,5,4,4,4,4,3,4,1,1,1,0,0,0,1,0,30,10,4,4,3,3,10,1,4,0.5,0.25,0.9,0.9
2,3,3,"1, 4, 6",1,0,0,1,0,1,3,"1, 2, 3, 4",4,3,2,3,2,5,4,3,2,4,1,1,1,1,1,0,1,22,14,4,1,1,4,14,3,4,0.55,0.75,0.6,0.733333333
3,4,3,6,0,0,0,0,0,1,4,"2, 3, 4",3,4,4,4,4,5,4,3,2,2,1,1,0,0,1,1,0,23,8,5,1,2,1,10,3,1,0.45,0.5,0.7875,0.8625
4,5,2,"1, 2, 3, 4, 5, 6",1,1,1,1,1,1,1,"2, 3, 4",3,5,5,5,5,4,4,3,4,3,1,1,0,0,0,1,0,29,8,5,5,2,3,8,1,1,0.6,0.25,0.9375,0.9125
5,6,3,"2, 6",0,1,0,0,0,1,3,"2, 3",2,1,5,1,1,5,4,2,1,1,1,1,0,0,0,,0,24,13,5,1,2,1,13,1,4,0.35,0,0.475,0.558333333
6,7,3,6,0,0,0,0,0,1,4,"1, 2, 3, 4",4,3,5,2,4,4,4,2,4,2,1,1,0,0,0,1,1,23,10,4,7,5,3,10,1,1,0.55,0.25,0.8,0.733333333
7,8,2,"1, 2, 5",1,1,0,0,1,0,2,"1, 2, 3, 4",4,5,5,3,5,3,3,3,4,4,"3, 4",2,0,0,0,0,1,40,13,4,4,4,1,13,1,1,0.65,0,0.9,0.833333333
8,9,3,"1, 5",1,0,0,0,1,0,1,"1, 2, 3, 4",4,5,4,1,5,4,4,5,4,4,1,1,1,0,0,0,1,29,10,4,4,2,1,10,3,1,0.65,0.25,0.75,0.85
9,10,3,"1, 3, 4",1,0,1,1,0,0,4,"1, 2, 3, 4",4,4,5,4,5,5,4,4,5,4,1,1,1,0,0,,0,24,8,4,1,1,1,9,1,1,0.7,0.25,0.95,0.916666667
10,11,1,"1, 5, 6",1,0,0,0,1,1,2,"1, 2, 3, 4",4,4,4,3,5,4,4,4,4,5,1,1,1,0,0,0,0,23,13,5,1,1,1,13,1,1,0.7,0.25,0.85,0.816666667
11,12,2,"1, 5",1,0,0,0,1,0,3,"2, 3",2,4,4,1,5,1,3,1,4,4,2,1,1,0,0,,0,30,9,4,4,3,1,13,1,1,0.6,0.25,0.625,0.541666667
12,13,3,"1, 2, 5",1,1,0,0,1,0,2,"1, 2, 3, 4",4,4,5,4,4,5,4,3,4,5,3,1,1,0,0,1,1,28,13,4,4,4,1,13,1,1,0.7,0.5,0.9,0.9
13,14,2,"1, 2, 4, 6",1,1,0,1,0,1,3,"1, 2, 3, 4",4,4,5,4,5,3,3,2,4,3,1,1,1,0,1,0,0,24,10,4,1,1,1,10,1,1,0.55,0.5,0.95,0.783333333
14,15,3,"1, 2, 4, 5",1,1,0,1,1,0,2,"1, 2",2,4,4,4,4,4,5,2,4,4,1,1,1,0,0,,0,37,9,5,5,2,3,10,1,1,0.7,0.25,0.725,0.775
15,16,3,"1, 2, 4, 5, 6",1,1,0,1,1,1,3,"1, 2, 3, 4",4,4,5,2,5,5,4,1,4,1,1,1,1,0,0,0,0,24,9,4,1,2,2,10,1,1,0.5,0.25,0.85,0.883333333
16,17,2,"1, 2, 4, 5",1,1,0,1,1,0,3,"2, 3, 4",3,5,5,4,4,4,5,3,3,3,1,1,0,0,0,0,0,29,10,5,5,2,1,10,1,1,0.6,0,0.8375,0.879166667
17,18,2,"2, 4, 5, 6",0,1,0,1,1,1,1,"1, 2, 3, 4",4,4,4,4,4,4,4,1,4,1,1,1,1,0,0,1,0,22,10,0,1,2,3,10,1,1,0.5,0.5,0.85,0.816666667
18,19,2,5,0,0,0,0,1,0,2,2,1,5,5,5,4,4,4,5,4,5,"3, 4",2,1,0,1,1,0,32,7,4,7,2,1,7,2,3,0.75,0.75,0.7625,0.854166667
19,20,3,"1, 2, 3, 4, 5, 6",1,1,1,1,1,1,4,"1, 2, 3, 4",4,4,4,1,4,5,3,1,1,3,2,1,0,0,0,1,1,27,10,6,6,2,2,10,1,1,0.4,0.25,0.7,0.833333333
20,21,2,"1, 2, 6",1,1,0,0,0,1,2,"1, 2, 4",3,4,5,4,4,4,4,4,4,4,2,1,1,0,0,1,0,29,10,4,7,3,3,10,1,1,0.65,0.5,0.8375,0.8125
21,22,3,"1, 2, 5",1,1,0,0,1,0,2,"1, 2, 3, 4",4,4,3,2,3,3,3,2,2,3,2,1,1,0,0,0,0,29,10,4,7,3,1,10,1,4,0.45,0.25,0.65,0.683333333
22,23,3,"1, 2, 3, 5",1,1,1,0,1,0,2,"1, 2, 3, 4",4,4,4,4,4,4,4,4,4,4,1,1,0,0,0,0,0,32,13,5,5,2,1,13,1,1,0.65,0,0.85,0.816666667
23,24,2,"1, 2, 4, 5, 6",1,1,0,1,1,1,3,2,1,2,2,1,4,2,2,2,3,1,2,1,0,0,0,,0,32,9,5,5,2,4,9,3,1,0.35,0,0.4125,0.404166667
24,25,2,"2, 4, 5",0,1,0,1,1,0,3,"2, 3, 4",3,3,4,3,3,3,3,3,3,3,1,1,0,0,0,0,0,28,10,5,1,2,5,10,1,4,0.5,0,0.6875,0.629166667
25,26,3,"2, 5",0,1,0,0,1,0,4,"1, 2, 3, 4",4,4,4,2,3,3,2,3,3,3,1,1,1,1,1,1,0,21,10,0,1,1,3,10,3,1,0.45,1,0.7,0.7
26,27,3,"1, 2, 5, 6",1,1,0,0,1,1,2,"1, 2, 3, 4",4,5,4,4,5,4,3,4,5,3,"1, 3",2,1,0,0,1,0,17,11,0,1,1,3,11,1,1,0.65,0.5,0.9,0.9
27,28,2,"2, 5, 6",0,1,0,0,1,1,2,"1, 2, 4",3,4,5,2,4,5,3,2,3,3,1,1,0,0,0,1,0,29,10,5,4,5,5,10,1,1,0.5,0.25,0.7375,0.845833333
28,29,3,"1, 2",1,1,0,0,0,0,3,"2, 3, 4",3,4,5,3,4,4,4,3,4,5,1,1,1,0,1,1,0,23,8,4,1,1,3,8,1,1,0.7,0.75,0.7875,0.795833333
29,30,2,"1, 6",1,0,0,0,0,1,3,"1, 2, 3, 4",4,5,4,3,4,4,3,5,5,4,1,1,1,1,0,1,0,23,10,4,1,3,1,13,2,1,0.65,0.75,0.8,0.866666667
30,31,3,"1, 2, 4, 5, 6",1,1,0,1,1,1,4,"1, 2, 3, 4",4,5,5,3,5,5,5,3,5,2,1,1,1,0,0,0,1,37,8,4,4,3,1,13,1,1,0.65,0.25,0.9,0.966666667
31,32,2,6,0,0,0,0,0,1,2,"2, 3",2,4,5,1,3,5,4,2,3,4,1,1,1,0,0,,0,24,10,4,1,2,1,10,2,1,0.6,0.25,0.575,0.791666667
32,33,2,"1, 2, 3, 4, 5, 6",1,1,1,1,1,1,4,"2, 3, 4",3,4,4,3,4,5,5,2,3,1,1,1,1,0,1,0,0,25,11,4,5,2,4,11,3,1,0.5,0.5,0.7375,0.845833333
33,34,3,4,0,0,0,1,0,0,3,"2, 3",2,3,3,1,3,3,3,2,2,3,1,1,0,0,0,,1,25,1,4,7,1,4,1,4,4,0.45,0,0.475,0.558333333
34,35,3,5,0,0,0,0,1,0,4,4,1,5,4,2,4,4,4,5,4,5,4,1,1,1,1,1,1,53,10,4,7,4,3,10,1,1,0.7,1,0.5625,0.7875
35,36,3,"1, 2, 4, 5, 6",1,1,0,1,1,1,2,"3, 4",2,5,5,1,5,5,5,3,3,3,2,1,1,0,0,0,1,21,9,3,1,1,1,10,1,1,0.6,0.25,0.675,0.891666667
36,37,2,"1, 2, 4, 5",1,1,0,1,1,0,3,"1, 2, 3, 4",4,5,5,3,5,4,4,4,4,4,1,1,0,0,0,,0,35,8,6,5,2,1,13,1,1,0.65,0,0.9,0.9
37,38,3,6,0,0,0,0,0,1,3,"3, 4",2,1,3,3,3,5,5,1,3,1,1,1,0,0,0,,0,24,10,4,1,1,1,10,1,4,0.5,0,0.575,0.591666667
38,39,3,"1, 2, 3, 4, 5, 6",1,1,1,1,1,1,4,"1, 2, 3, 4",4,5,5,1,5,4,5,4,4,5,4,1,1,1,0,,0,24,1,5,1,2,1,8,1,1,0.75,0.5,0.8,0.866666667
39,40,3,"1, 2, 5",1,1,0,0,1,0,3,"1, 2, 3",3,4,4,1,4,3,1,1,1,1,1,1,0,0,0,0,1,37,14,3,4,3,1,13,1,4,0.2,0,0.6375,0.679166667
40,41,2,"1, 5",1,0,0,0,1,0,1,"2, 4",2,3,4,3,4,3,2,1,3,1,2,1,0,0,0,,0,26,10,4,2,1,4,10,3,1,0.35,0,0.675,0.625
41,42,3,"1, 5, 6",1,0,0,0,1,1,1,"1, 2, 3, 4",4,5,2,2,5,4,5,3,5,1,1,1,1,0,0,,0,26,10,4,5,2,1,10,1,1,0.6,0.25,0.7,0.833333333
42,43,3,"1, 2, 3, 4, 5, 6",1,1,1,1,1,1,3,"1, 2, 3, 4",4,5,5,5,5,5,5,5,5,5,1,1,1,1,1,1,0,36,4,5,7,2,1,13,1,1,0.8,1,1,1
43,44,1,"1, 2, 4, 5",1,1,0,1,1,0,1,3,1,5,5,1,5,5,5,5,5,5,1,1,1,0,1,1,1,24,10,3,7,3,3,10,1,1,0.8,0.75,0.6125,0.870833333
44,45,3,"1, 5, 6",1,0,0,0,1,1,1,"2, 3",2,5,4,1,1,4,1,1,1,1,1,1,1,0,0,0,1,17,5,3,1,1,3,5,2,4,0.2,0.25,0.425,0.741666667
45,46,2,"1, 2, 4, 5, 6",1,1,0,1,1,1,2,"1, 2, 3, 4",4,4,5,3,4,2,4,5,4,4,"1, 3",2,1,0,1,0,1,19,8,3,1,1,4,8,3,4,0.7,0.5,0.85,0.683333333
46,47,3,6,0,0,0,0,0,1,3,"1, 2, 3, 4",4,4,2,1,5,5,1,2,3,3,1,1,1,1,1,0,0,22,10,4,7,1,1,10,1,1,0.4,0.75,0.65,0.816666667
47,48,3,"1, 2, 5",1,1,0,0,1,0,3,"1, 2, 3, 4",4,5,5,3,4,4,5,1,2,3,1,1,1,0,0,1,0,24,10,4,1,1,1,10,1,1,0.55,0.5,0.85,0.883333333
48,49,3,"1, 4, 6",1,0,0,1,0,1,2,"1, 2, 3, 4",4,4,4,2,4,5,4,1,4,1,1,1,0,0,0,,0,20,13,3,1,2,4,13,3,1,0.5,0,0.75,0.85
49,50,3,"1, 2, 4, 5",1,1,0,1,1,0,2,"2, 3, 4",3,4,4,3,4,3,5,4,4,4,2,1,1,1,1,1,1,19,10,4,1,1,1,13,1,4,0.7,1,0.7375,0.7125
50,51,2,1,1,0,0,0,0,0,1,"1, 2, 3, 4",4,4,3,3,4,3,3,4,5,5,3,1,1,0,0,,1,23,10,0,4,3,1,10,1,1,0.7,0.25,0.75,0.716666667
51,52,3,1,1,0,0,0,0,0,4,2,1,5,4,4,5,4,4,4,4,4,1,1,0,1,0,1,0,29,10,4,5,2,4,10,3,1,0.65,0.5,0.7125,0.8375
52,53,3,"1, 2, 5",1,1,0,0,1,0,4,"1, 2, 3, 4",4,4,4,3,4,5,3,3,3,3,2,1,0,0,0,,1,21,10,4,4,2,1,10,1,4,0.5,0,0.8,0.866666667
53,54,3,"1, 2, 4, 5, 6",1,1,0,1,1,1,1,"1, 2, 3, 4",4,3,5,1,4,5,3,1,2,1,1,1,1,0,0,,0,21,1,3,1,1,3,8,1,4,0.35,0.25,0.75,0.783333333
54,55,3,2,0,1,0,0,0,0,3,1,1,5,5,5,5,3,5,5,5,3,2,1,0,0,0,1,0,27,10,4,5,2,3,10,3,1,0.7,0.25,0.8125,0.804166667
55,56,3,"1, 2, 3, 4, 5",1,1,1,1,1,0,4,"1, 2, 3, 4",4,5,5,5,5,4,4,4,5,5,1,1,1,1,1,1,1,25,8,4,4,3,3,14,1,1,0.75,1,1,0.933333333
56,57,3,"1, 2, 3, 4, 5, 6",1,1,1,1,1,1,3,"2, 4",2,5,5,5,4,5,4,2,4,4,1,1,1,1,1,0,1,23,10,4,1,1,3,10,2,1,0.65,0.75,0.825,0.941666667
57,58,3,"1, 2, 5",1,1,0,0,1,0,2,"2, 3",2,3,5,3,3,3,3,2,3,3,2,1,1,0,0,1,0,21,9,0,2,1,4,9,3,1,0.5,0.5,0.675,0.625
58,59,3,"1, 2, 4, 5, 6",1,1,0,1,1,1,3,"1, 2, 3, 4",4,5,5,2,5,4,4,4,5,5,"1, 3",2,1,1,0,,1,19,10,0,1,2,3,10,1,1,0.8,0.5,0.85,0.883333333
59,60,2,6,0,0,0,0,0,1,1,"2, 4",2,5,1,1,2,1,1,2,1,1,2,1,0,0,0,,0,32,13,5,4,5,1,13,1,1,0.2,0,0.325,0.508333333
60,61,3,"1, 2, 4, 5",1,1,0,1,1,0,3,"1, 2, 3, 4",4,5,5,1,3,1,3,3,3,1,1,1,1,1,0,,1,27,10,4,3,2,1,10,1,4,0.4,0.5,0.7,0.633333333
61,62,3,"1, 2, 3, 4, 5, 6",1,1,1,1,1,1,3,"1, 2, 3, 4",4,4,4,4,4,4,4,4,4,1,1,1,1,0,0,,0,40,7,5,5,2,2,10,1,4,0.5,0.25,0.85,0.816666667
62,63,3,"1, 2",1,1,0,0,0,0,2,"1, 2",2,4,5,5,5,5,4,3,5,3,1,1,1,0,0,,1,17,12,0,1,1,1,12,1,1,0.65,0.25,0.875,0.891666667
63,64,3,6,0,0,0,0,0,1,4,2,1,5,5,4,5,5,5,5,5,5,3,1,1,0,0,1,0,29,10,4,5,2,4,10,3,1,0.8,0.5,0.7625,0.920833333
64,65,3,"1, 2, 4, 5, 6",1,1,0,1,1,1,3,"1, 2, 3, 4",4,5,4,3,5,3,5,5,5,5,"1, 2",2,1,0,0,1,0,21,13,0,7,2,1,13,1,4,0.85,0.5,0.85,0.816666667
65,66,2,"1, 2",1,1,0,0,0,0,3,"1, 2, 3, 4",4,5,4,4,5,1,1,4,4,4,1,1,1,0,0,0,1,24,8,5,1,1,4,8,3,1,0.5,0.25,0.9,0.7
66,67,3,"1, 2, 4, 5",1,1,0,1,1,0,1,"1, 2, 3, 4",4,3,3,2,3,4,4,2,5,4,1,1,1,0,0,,0,35,13,4,5,2,2,13,1,4,0.7,0.25,0.65,0.683333333
67,68,3,"1, 5",1,0,0,0,1,0,1,3,1,5,4,1,5,1,1,5,5,3,2,1,1,0,0,1,1,31,10,2,4,2,1,10,3,4,0.5,0.5,0.5625,0.5875
68,69,3,"1, 2, 4, 5, 6",1,1,0,1,1,1,4,"1, 2, 3, 4",4,3,3,1,5,5,3,3,4,2,2,1,0,0,0,1,0,21,10,0,1,1,3,10,1,1,0.5,0.25,0.7,0.766666667
69,70,2,"1, 2, 5",1,1,0,0,1,0,2,"1, 2",2,4,4,1,4,1,1,1,4,1,1,1,0,0,0,1,0,52,11,6,5,2,1,10,1,1,0.35,0.25,0.575,0.525
70,71,3,"1, 2, 4, 5",1,1,0,1,1,0,1,"1, 2, 3, 4",4,5,5,4,3,5,5,3,4,5,1,1,1,0,0,,1,24,10,0,1,1,3,10,1,1,0.75,0.25,0.85,0.95
71,72,3,2,0,1,0,0,0,0,3,2,1,5,5,2,5,1,4,1,4,4,1,1,1,0,0,1,0,28,10,5,5,2,3,10,4,2,0.65,0.5,0.6625,0.620833333
72,73,3,"1, 2, 5, 6",1,1,0,0,1,1,4,"1, 2, 3, 4",4,4,5,2,4,4,1,4,3,4,1,1,1,0,0,,0,24,7,4,1,3,1,10,1,1,0.45,0.25,0.8,0.8
73,74,2,"1, 4, 6",1,0,0,1,0,1,2,3,1,3,4,2,4,4,1,4,4,4,2,1,0,0,0,,0,42,5,4,4,2,1,11,1,4,0.5,0,0.5625,0.654166667
74,75,2,3,0,0,1,0,0,0,3,1,1,5,5,5,5,4,5,3,5,5,3,1,1,1,1,1,1,25,7,3,7,3,1,7,1,1,0.8,1,0.8125,0.870833333
75,76,2,"2, 4, 6",0,1,0,1,0,1,2,"1, 2, 3, 4",4,3,5,2,3,5,3,1,3,3,1,1,1,0,0,,0,38,10,6,5,5,2,10,1,1,0.5,0.25,0.75,0.783333333
76,77,3,"2, 4",0,1,0,1,0,0,2,"2, 4",2,4,5,3,4,5,3,3,3,3,1,1,1,1,0,1,0,21,8,4,1,1,1,10,1,1,0.5,0.75,0.725,0.841666667
77,78,2,6,0,0,0,0,0,1,3,"1, 2, 3, 4",4,4,3,3,4,5,5,3,4,4,2,1,1,0,0,,0,24,8,4,4,2,1,10,1,1,0.7,0.25,0.75,0.85
78,79,3,"2, 5",0,1,0,0,1,0,1,"1, 2",2,3,4,1,1,2,1,1,3,1,1,1,0,0,0,1,0,19,13,4,1,1,1,13,1,1,0.3,0.25,0.425,0.475
79,80,2,5,0,0,0,0,1,0,2,3,1,4,4,1,5,1,2,2,5,5,3,1,1,1,1,1,1,22,7,4,7,3,3,1,2,3,0.65,1,0.5625,0.520833333
80,81,3,"1, 2, 3, 4, 5, 6",1,1,1,1,1,1,1,"2, 3",2,3,2,2,2,4,4,1,3,3,2,1,0,0,0,,0,18,10,0,1,1,3,10,1,1,0.55,0,0.425,0.608333333
81,82,3,"1, 2, 4, 5, 6",1,1,0,1,1,1,2,"1, 2, 3, 4",4,5,5,4,5,5,5,5,4,4,1,1,1,1,0,0,0,32,9,4,4,2,1,10,1,1,0.7,0.5,0.95,0.983333333
82,83,2,"1, 2, 4, 5",1,1,0,1,1,0,3,2,1,5,4,1,5,1,4,5,5,5,2,1,1,0,0,1,0,28,7,5,5,2,4,7,4,1,0.75,0.5,0.5625,0.5875
83,84,2,"1, 2, 3, 5",1,1,1,0,1,0,4,"2, 4",2,4,4,4,5,1,4,4,4,5,"1, 3",2,1,0,0,,1,33,10,4,5,2,4,10,3,1,0.75,0.25,0.775,0.591666667
84,85,2,6,0,0,0,0,0,1,2,"1, 2, 3",3,1,2,2,1,5,3,1,1,1,2,1,0,0,0,,0,24,9,4,4,3,3,10,1,4,0.3,0,0.4375,0.545833333
85,86,3,"1, 2, 5, 6",1,1,0,0,1,1,2,"1, 2, 3, 4",4,5,5,4,4,4,3,2,4,2,1,1,1,0,0,1,1,21,9,3,1,1,1,10,1,1,0.5,0.5,0.9,0.9
86,87,3,"1, 2, 3, 4, 5, 6",1,1,1,1,1,1,3,"1, 2, 3, 4",4,4,5,4,5,5,5,5,5,5,1,1,0,0,0,,0,22,9,4,1,2,1,10,1,1,0.8,0,0.95,0.916666667
87,88,2,"1, 2, 4, 6",1,1,0,1,0,1,3,"1, 2, 3, 4",4,3,4,2,5,4,4,3,3,1,2,1,1,0,0,,0,24,5,4,1,1,3,5,2,1,0.45,0.25,0.8,0.733333333
88,89,2,6,0,0,0,0,0,1,3,"1, 2",2,4,4,3,5,5,2,1,5,3,"1, 2",2,1,0,0,,0,21,13,4,1,2,1,13,1,4,0.6,0.25,0.725,0.841666667
89,90,2,"1, 2, 5",1,1,0,0,1,0,4,"1, 2, 3, 4",4,5,5,5,5,4,4,3,3,4,1,1,1,0,1,1,1,25,8,4,7,3,3,8,1,1,0.6,0.75,1,0.933333333
90,91,3,"1, 2, 5",1,1,0,0,1,0,3,"1, 2, 3",3,4,5,3,4,3,3,4,4,3,2,1,1,0,0,0,0,37,9,5,5,2,3,8,1,1,0.55,0.25,0.7875,0.729166667
91,92,3,"1, 2, 4, 6",1,1,0,1,0,1,2,"2, 3, 4",3,4,5,1,4,5,5,3,3,3,1,1,0,0,0,,0,23,1,4,1,1,3,1,1,1,0.6,0,0.6875,0.829166667
92,93,3,6,0,0,0,0,0,1,3,"2, 3, 4",3,3,4,4,5,5,4,4,5,5,1,1,0,0,0,1,0,25,1,4,4,2,1,10,1,1,0.75,0.25,0.8375,0.8125
93,94,3,4,0,0,0,1,0,0,3,2,1,4,3,2,4,5,1,2,4,2,1,1,0,0,0,,0,24,10,5,1,2,1,10,1,1,0.4,0,0.5125,0.770833333
94,95,3,"1, 2, 4, 5, 6",1,1,0,1,1,1,2,"1, 2, 3, 4",4,5,4,2,4,4,2,4,4,4,1,1,1,0,0,1,1,27,10,4,7,2,1,10,1,1,0.55,0.5,0.75,0.85
95,96,3,"1, 2, 5",1,1,0,0,1,0,3,"1, 2, 3, 4",4,4,4,3,4,4,4,3,4,1,2,1,0,0,0,1,0,26,10,1,5,2,4,10,3,1,0.5,0.25,0.8,0.8
96,97,2,"1, 5, 6",1,0,0,0,1,1,3,"1, 2, 3, 4",4,4,4,1,4,5,4,1,3,1,1,1,0,0,0,,0,26,8,5,5,2,3,8,1,1,0.45,0,0.7,0.833333333
97,98,3,"2, 3, 6",0,1,1,0,0,1,4,"2, 3",2,2,4,4,4,5,3,2,3,2,2,1,1,0,0,1,1,21,10,4,1,1,4,10,3,1,0.45,0.5,0.725,0.708333333
98,99,3,"2, 6",0,1,0,0,0,1,1,"1, 2, 3",3,4,4,2,3,2,2,2,2,2,2,1,0,0,0,0,0,25,7,5,5,2,3,7,2,1,0.35,0,0.6375,0.6125
99,100,2,"1, 2, 5",1,1,0,0,1,0,3,"1, 2, 3",3,5,4,4,5,4,5,4,5,5,2,1,1,0,0,0,1,33,10,4,5,2,2,10,3,4,0.8,0.25,0.8375,0.879166667
100,101,1,2,0,1,0,0,0,0,2,2,1,5,5,1,5,4,1,4,5,1,2,1,1,0,0,1,0,39,8,5,5,2,3,8,2,1,0.4,0.5,0.6125,0.804166667
101,102,3,"2, 5, 6",0,1,0,0,1,1,4,"1, 2",2,5,4,3,5,4,4,4,5,3,1,1,0,0,0,1,0,21,10,4,1,2,3,10,1,4,0.65,0.25,0.725,0.841666667
102,103,2,"1, 2, 5",1,1,0,0,1,0,2,2,1,4,4,2,5,1,1,2,1,1,1,1,0,0,0,,0,43,10,5,5,2,3,8,1,4,0.2,0,0.6125,0.5375
103,104,2,"1, 4, 5",1,0,0,1,1,0,2,"1, 3",2,4,4,4,5,2,4,4,4,4,3,1,0,0,0,1,1,23,10,4,7,2,1,10,1,1,0.65,0.25,0.775,0.658333333
104,105,2,6,0,0,0,0,0,1,2,"1, 2, 3",3,3,3,3,3,4,4,1,1,1,1,1,0,0,0,0,1,35,10,5,7,4,1,10,1,1,0.35,0,0.6375,0.679166667
105,106,3,"1, 2, 4, 5",1,1,0,1,1,0,3,"1, 2, 3, 4",4,4,5,1,5,4,4,2,5,4,1,1,1,0,0,,0,24,10,4,5,2,2,10,1,1,0.7,0.25,0.8,0.8
106,107,3,"1, 2, 6",1,1,0,0,0,1,1,"1, 2, 3",3,4,4,2,5,4,4,4,5,4,1,1,1,0,0,,0,20,13,0,1,1,3,13,1,1,0.7,0.25,0.7375,0.779166667
107,108,2,"5, 6",0,0,0,0,1,1,3,"1, 2, 3, 4",4,3,4,5,5,5,5,5,4,4,2,1,1,1,0,,1,21,10,4,4,2,3,10,1,1,0.7,0.5,0.95,0.85
108,109,3,"1, 4, 5, 6",1,0,0,1,1,1,2,"2, 3",2,5,5,5,5,5,5,5,5,5,1,1,0,0,0,1,0,24,9,4,1,2,4,9,3,1,0.8,0.25,0.875,0.958333333
109,110,3,"1, 2, 4, 6",1,1,0,1,0,1,2,"2, 3, 4",3,4,3,3,5,5,3,3,4,3,1,1,1,0,1,1,0,23,8,4,1,1,4,8,3,1,0.55,0.75,0.7375,0.845833333
110,111,1,1,1,0,0,0,0,0,1,4,1,5,5,1,3,1,5,5,5,5,2,1,0,0,0,0,1,46,10,3,7,1,3,10,1,1,0.8,0,0.5125,0.570833333
111,112,3,"1, 4, 5, 6",1,0,0,1,1,1,1,"2, 3, 4",3,1,4,3,5,3,4,4,4,1,1,1,1,0,0,0,0,27,10,4,5,2,1,10,1,1,0.5,0.25,0.7875,0.529166667
112,113,3,6,0,0,0,0,0,1,2,1,1,4,4,3,3,5,5,5,5,5,1,1,1,0,1,0,0,24,10,4,4,2,1,13,1,1,0.8,0.5,0.5625,0.7875
113,114,2,"1, 2, 3, 5",1,1,1,0,1,0,4,"1, 2, 4",3,3,5,4,4,4,4,4,3,3,3,1,1,0,0,1,0,24,9,4,5,2,4,9,3,1,0.55,0.5,0.8375,0.745833333
114,115,3,6,0,0,0,0,0,1,4,2,1,4,4,2,5,5,5,5,5,4,2,1,1,0,0,0,0,23,10,4,5,2,1,10,1,1,0.75,0.25,0.6125,0.804166667
115,116,2,"1, 2, 6",1,1,0,0,0,1,4,"1, 2, 3, 4",4,5,5,1,4,5,2,4,4,4,1,1,0,0,0,,1,31,9,5,5,2,2,10,1,2,0.55,0,0.75,0.916666667
116,117,2,"2, 6",0,1,0,0,0,1,4,"1, 2, 3",3,2,5,4,5,5,5,1,4,1,1,1,1,0,0,,0,23,10,4,4,2,1,13,1,1,0.55,0.25,0.8875,0.7625
117,118,3,"1, 4, 5, 6",1,0,0,1,1,1,3,"2, 3",2,3,3,2,2,5,4,1,4,1,2,1,0,0,0,0,1,17,12,0,1,1,3,12,1,4,0.5,0,0.475,0.691666667
118,119,2,"1, 2, 4, 5, 6",1,1,0,1,1,1,2,"1, 2, 3, 4",4,5,3,1,4,4,3,1,4,5,1,1,1,0,0,,0,20,7,0,1,1,3,10,1,1,0.65,0.25,0.65,0.816666667
119,120,3,"1, 2, 5",1,1,0,0,1,0,1,"1, 2, 3, 4",4,5,4,2,5,1,1,3,3,2,1,1,1,0,0,,0,22,10,4,1,1,1,10,1,1,0.35,0.25,0.8,0.666666667
120,121,3,"1, 6",1,0,0,0,0,1,4,"2, 3, 4",3,5,4,3,4,5,5,3,4,4,2,1,0,0,0,1,0,24,9,0,1,2,3,9,1,1,0.7,0.25,0.7375,0.9125
121,122,3,"1, 2, 3, 4, 5, 6",1,1,1,1,1,1,4,"1, 2",2,3,4,2,3,4,4,3,4,3,1,1,1,0,0,1,0,24,14,4,4,2,1,13,1,1,0.6,0.5,0.575,0.658333333
122,123,3,"1, 2, 4, 5",1,1,0,1,1,0,3,"1, 2, 3, 4",4,4,4,3,5,5,5,4,5,5,1,1,0,1,1,1,0,27,9,5,5,2,3,9,1,1,0.8,0.75,0.85,0.883333333
123,124,2,"1, 2, 4, 6",1,1,0,1,0,1,3,"2, 3, 4",3,3,5,2,5,4,5,3,4,2,1,1,1,0,0,,0,22,10,4,1,2,2,10,1,1,0.6,0.25,0.7875,0.729166667
124,125,3,"2, 3, 4, 5",0,1,1,1,1,0,3,2,1,3,3,3,5,4,2,3,4,5,3,1,1,1,0,1,0,20,8,0,1,1,1,10,1,1,0.6,0.75,0.6125,0.670833333
125,126,2,4,0,0,0,1,0,0,2,1,1,5,5,1,5,4,5,4,2,4,2,1,1,0,0,,1,27,8,5,5,2,3,8,1,1,0.6,0.25,0.6125,0.804166667
126,127,3,5,0,0,0,0,1,0,1,2,1,4,1,4,5,4,5,1,4,1,2,1,0,0,0,1,0,30,13,4,4,2,1,13,3,1,0.55,0.25,0.5625,0.720833333
127,128,2,"1, 4, 6",1,0,0,1,0,1,2,3,1,3,4,4,4,5,5,3,5,3,1,1,1,0,0,1,0,22,1,0,1,1,3,10,1,1,0.7,0.5,0.6625,0.754166667
128,129,2,5,0,0,0,0,1,0,2,2,1,3,4,3,2,3,4,4,4,4,2,1,1,0,0,1,1,24,10,5,3,1,4,10,3,1,0.65,0.5,0.5125,0.570833333
129,130,3,"1, 2, 4, 6",1,1,0,1,0,1,2,2,1,3,4,2,2,4,4,3,4,3,1,1,1,0,0,,0,24,11,4,4,2,3,11,1,1,0.6,0.25,0.4625,0.620833333
130,131,3,"2, 4, 5, 6",0,1,0,1,1,1,4,"1, 2, 3, 4",4,5,5,2,5,5,5,4,5,3,1,1,1,0,0,,0,23,7,4,5,2,1,13,1,1,0.7,0.25,0.85,0.95
131,132,3,"2, 4",0,1,0,1,0,0,3,"1, 3",2,2,3,3,5,4,3,2,3,3,2,1,0,0,0,0,0,20,13,0,1,1,1,13,1,1,0.5,0,0.675,0.625
132,133,3,"1, 6",1,0,0,0,0,1,2,"1, 4",2,5,5,4,4,5,5,3,4,4,1,1,1,0,0,,0,22,9,3,1,1,4,9,3,1,0.7,0.25,0.775,0.925
133,134,2,"1, 2, 4, 5, 6",1,1,0,1,1,1,4,"1, 2, 3, 4",4,5,5,3,5,2,5,4,5,4,1,1,1,0,0,1,0,40,14,5,7,3,3,14,1,1,0.75,0.5,0.9,0.766666667
134,135,3,"1, 4, 5, 6",1,0,0,1,1,1,1,"1, 2",2,5,5,4,5,5,4,3,5,4,2,1,0,1,0,,0,24,10,4,1,1,3,10,1,1,0.7,0.25,0.825,0.941666667
135,136,3,"1, 2, 4, 5, 6",1,1,0,1,1,1,4,"1, 2, 3, 4",4,4,5,1,5,5,5,4,5,4,1,1,0,0,0,,0,23,10,4,7,2,2,10,,1,0.75,0,0.8,0.866666667
136,137,2,"1, 2, 5, 6",1,1,0,0,1,1,4,"1, 2, 3, 4",4,3,5,1,3,4,4,3,3,1,2,1,1,0,0,,0,22,10,4,5,2,4,10,3,4,0.45,0.25,0.7,0.7
137,138,3,"2, 3, 4",0,1,1,1,0,0,2,1,1,3,5,4,4,3,4,1,3,3,2,1,1,0,0,1,0,24,10,4,7,2,1,10,1,1,0.55,0.5,0.7125,0.6375
138,139,3,"1, 2, 3, 4, 5, 6",1,1,1,1,1,1,2,"2, 4",2,4,3,4,4,4,5,3,3,4,1,1,0,0,0,0,1,17,13,4,1,1,1,13,1,1,0.65,0,0.675,0.758333333
139,140,2,"1, 5",1,0,0,0,1,0,2,"2, 3, 4",3,3,3,3,4,4,5,3,3,3,1,1,0,0,0,,0,20,8,3,1,1,1,13,1,1,0.6,0,0.6875,0.695833333
140,141,1,6,0,0,0,0,0,1,2,3,1,1,1,1,3,5,1,1,1,1,2,1,1,0,0,0,1,34,13,4,4,2,1,13,1,4,0.2,0.25,0.3125,0.504166667
141,142,2,"1, 2, 5",1,1,0,0,1,0,2,"1, 2, 3, 4",4,5,5,2,5,4,2,4,5,1,2,1,1,1,1,1,0,45,7,4,7,2,1,10,1,1,0.45,1,0.85,0.883333333
142,143,3,"1, 2, 5, 6",1,1,0,0,1,1,3,"1, 2, 3, 4",4,3,5,5,5,5,5,3,4,1,1,1,0,0,0,,0,25,13,4,4,2,1,13,1,4,0.55,0,1,0.866666667
143,144,1,5,0,0,0,0,1,0,2,2,1,5,4,1,5,1,4,5,3,5,2,1,0,0,0,1,0,22,10,4,2,1,4,10,3,1,0.65,0.25,0.5625,0.5875
144,145,3,"1, 2, 5, 6",1,1,0,0,1,1,2,"2, 4",2,4,3,3,4,3,3,4,4,4,1,1,0,0,0,,0,35,13,6,5,2,1,13,1,1,0.6,0,0.625,0.675
145,146,2,"1, 2, 4",1,1,0,1,0,0,3,"1, 2, 3, 4",4,4,4,3,4,3,3,2,3,3,1,1,0,0,0,,0,40,11,0,5,2,4,11,3,1,0.5,0,0.8,0.733333333
146,147,2,"1, 2, 4, 5",1,1,0,1,1,0,2,"2, 3",2,5,5,3,5,4,3,3,4,4,1,1,1,0,0,0,0,37,11,5,4,4,1,13,1,1,0.6,0.25,0.775,0.858333333
147,148,3,"1, 4, 5",1,0,0,1,1,0,4,"1, 2, 3, 4",4,4,4,1,4,4,5,1,4,1,1,1,0,0,0,0,1,24,8,4,1,1,3,10,1,1,0.55,0,0.7,0.766666667
148,149,3,"1, 2, 3, 4, 5",1,1,1,1,1,0,2,"1, 2, 3, 4",4,5,5,5,5,4,4,5,2,1,1,1,1,0,0,,1,32,13,5,6,2,1,10,1,4,0.4,0.25,1,0.933333333
149,150,2,"1, 2, 4, 5, 6",1,1,0,1,1,1,2,"1, 2, 3, 4",4,4,4,1,5,4,4,4,5,4,1,1,1,1,0,,0,24,1,4,4,2,1,13,1,1,0.7,0.5,0.75,0.783333333
150,151,3,"2, 3, 4, 5, 6",0,1,1,1,1,1,2,"2, 3, 4",3,4,5,3,4,5,4,4,3,3,1,1,1,0,0,,0,19,8,0,1,1,1,8,1,1,0.55,0.25,0.7875,0.8625
151,152,2,"2, 6",0,1,0,0,0,1,2,"1, 2, 3, 4",4,5,4,1,3,5,3,1,3,3,1,1,0,1,1,1,1,35,10,4,5,2,1,8,1,1,0.5,0.75,0.65,0.883333333
152,153,2,1,1,0,0,0,0,0,3,2,1,5,4,4,5,2,4,1,2,4,3,1,1,0,0,1,0,26,10,5,5,2,1,10,1,1,0.55,0.5,0.7125,0.704166667
153,154,3,6,0,0,0,0,0,1,2,"1, 2, 3, 4",4,4,5,3,1,4,4,1,4,3,1,1,0,0,0,1,0,27,8,4,4,2,1,13,1,1,0.6,0.25,0.7,0.766666667
154,155,3,1,1,0,0,0,0,0,3,4,1,3,5,3,4,4,5,2,4,1,2,1,0,0,0,1,0,24,10,4,7,2,1,10,1,4,0.55,0.25,0.6625,0.6875
155,156,3,5,0,0,0,0,1,0,2,3,1,5,1,1,5,1,5,1,1,1,2,1,1,0,0,0,1,50,13,6,7,5,1,13,1,4,0.4,0.25,0.4125,0.5375
156,157,3,"1, 2, 3, 4, 5, 6",1,1,1,1,1,1,3,"1, 2, 3",3,5,4,2,5,2,2,1,4,5,1,1,1,0,0,1,0,25,13,5,7,4,1,13,1,4,0.6,0.5,0.7375,0.7125
157,158,3,6,0,0,0,0,0,1,4,"1, 2, 3, 4",4,4,2,1,3,5,5,1,5,1,2,1,0,0,0,1,0,24,10,4,7,5,1,10,1,1,0.6,0.25,0.55,0.783333333
158,159,3,"1, 2, 4",1,1,0,1,0,0,4,"1, 2, 3, 4",4,4,4,4,4,5,5,3,3,4,1,1,1,0,0,,0,25,13,5,1,2,1,13,1,1,0.65,0.25,0.85,0.883333333
159,160,3,6,0,0,0,0,0,1,2,2,1,4,5,5,4,3,5,4,4,5,"1, 3",2,1,1,0,1,0,24,8,4,1,2,4,8,3,1,0.8,0.75,0.7625,0.720833333
160,161,2,"2, 4, 5, 6",0,1,0,1,1,1,3,"2, 3",2,5,5,1,5,5,5,3,4,5,2,1,1,0,0,0,0,22,10,4,1,1,1,10,1,1,0.75,0.25,0.675,0.891666667
161,162,3,"1, 4",1,0,0,1,0,0,3,"1, 2, 4",3,5,2,4,4,5,4,2,2,2,1,1,1,0,0,1,0,25,8,4,5,2,4,8,3,1,0.45,0.5,0.6875,0.895833333
162,163,2,"1, 2, 4",1,1,0,1,0,0,3,"2, 3",2,3,4,1,4,4,5,1,1,1,2,1,0,0,0,0,0,26,10,5,5,2,3,10,1,1,0.4,0,0.575,0.658333333
163,164,3,"1, 5, 6",1,0,0,0,1,1,2,"2, 3, 4",3,3,2,1,4,4,4,1,4,1,1,1,1,0,0,,1,20,1,0,1,1,2,9,1,4,0.5,0.25,0.5375,0.645833333
164,165,1,2,0,1,0,0,0,0,3,"1, 2, 3, 4",4,2,4,2,1,1,5,1,1,3,2,1,0,0,0,0,1,27,13,4,4,3,1,13,1,1,0.5,0,0.6,0.4
165,166,2,"1, 2, 5",1,1,0,0,1,0,1,"1, 2, 3, 4",4,5,5,4,5,3,5,3,3,1,1,1,0,0,0,1,0,28,13,4,4,2,1,13,1,1,0.5,0.25,0.95,0.85
166,167,1,"1, 2, 5",1,1,0,0,1,0,1,"2, 4",2,5,5,3,5,3,4,5,5,5,3,1,1,0,0,1,0,34,10,5,5,2,1,10,1,1,0.75,0.5,0.775,0.791666667
167,168,3,"1, 2, 3, 4, 5, 6",1,1,1,1,1,1,4,"2, 3, 4",3,5,5,4,5,4,5,5,5,5,1,1,1,0,0,0,1,22,10,0,1,1,1,10,1,1,0.8,0.25,0.8875,0.895833333
168,169,2,"1, 2, 5",1,1,0,0,1,0,1,"2, 3, 4",3,3,4,2,3,3,2,4,4,3,1,1,0,0,0,,0,22,10,4,1,1,1,10,1,1,0.5,0,0.6375,0.6125
169,170,3,6,0,0,0,0,0,1,2,3,1,3,3,3,4,3,3,3,4,3,2,1,1,0,0,1,1,22,10,4,4,2,4,10,3,1,0.55,0.5,0.5625,0.5875
170,171,1,"1, 5",1,0,0,0,1,0,2,3,1,5,4,3,5,3,3,3,4,3,2,1,0,0,0,0,1,35,13,2,3,1,1,13,1,1,0.55,0,0.6625,0.754166667
171,172,3,"1, 2, 5",1,1,0,0,1,0,2,"1, 2, 3, 4",4,1,5,2,2,4,4,1,1,1,2,1,0,0,0,0,1,35,10,4,7,4,1,10,1,1,0.35,0,0.7,0.566666667
172,173,2,"1, 4",1,0,0,1,0,0,2,"1, 2",2,3,5,1,3,3,4,1,3,3,2,1,0,0,0,0,0,24,12,4,5,2,3,12,1,4,0.55,0,0.575,0.591666667
173,174,2,"1, 2, 3, 4, 5",1,1,1,1,1,0,2,"1, 2, 3, 4",4,5,5,5,5,1,1,4,5,5,3,1,1,0,0,,0,28,10,5,5,2,4,10,3,4,0.6,0.25,1,0.733333333
174,175,3,"1, 2, 6",1,1,0,0,0,1,2,"1, 2, 3, 4",4,4,4,1,5,5,4,4,3,4,3,1,0,0,0,,1,47,13,5,1,2,1,13,1,4,0.6,0,0.75,0.85
175,176,3,"1, 2, 4, 5, 6",1,1,0,1,1,1,3,"1, 2, 3, 4",4,3,4,1,3,5,4,1,3,2,1,1,0,0,0,0,0,19,13,0,1,1,1,13,1,1,0.5,0,0.65,0.75
176,177,2,"3, 4, 5",0,0,1,1,1,0,4,"1, 2",2,4,5,4,5,3,5,3,3,3,1,1,0,0,0,0,1,23,10,4,2,1,1,10,1,1,0.6,0,0.825,0.741666667
177,178,3,"1, 2, 5",1,1,0,0,1,0,1,"1, 2, 3",3,3,1,1,5,1,1,4,4,1,2,1,0,0,0,0,0,21,2,4,4,2,3,2,2,1,0.35,0,0.5375,0.445833333
178,179,1,"1, 2, 3, 4, 5, 6",1,1,1,1,1,1,1,4,1,5,5,4,5,4,4,1,4,4,1,1,0,0,0,,0,43,10,4,2,1,1,10,1,1,0.65,0,0.7625,0.854166667
179,180,2,"1, 2, 4, 5",1,1,0,1,1,0,3,3,1,4,4,4,4,1,5,1,4,1,1,1,0,0,0,1,0,23,10,4,7,3,3,10,1,1,0.55,0.25,0.6625,0.554166667
180,181,2,1,1,0,0,0,0,0,2,"1, 2, 3, 4",4,5,3,3,4,4,2,3,4,1,1,1,0,0,1,0,0,18,10,3,1,1,1,10,1,4,0.4,0.25,0.75,0.85
181,182,1,5,0,0,0,0,1,0,2,2,1,5,5,5,5,4,5,3,3,3,2,1,0,0,0,0,0,61,9,3,2,1,3,10,1,2,0.6,0,0.8125,0.870833333
182,183,3,"1, 2, 3, 4, 5, 6",1,1,1,1,1,1,3,"3, 4",2,3,5,5,3,5,5,2,3,1,2,1,0,0,0,0,0,24,8,4,2,2,3,8,1,1,0.5,0,0.775,0.791666667
183,184,3,"1, 2, 3, 5, 6",1,1,1,0,1,1,3,"1, 2, 3, 4",4,4,5,3,4,5,3,4,4,4,1,1,1,1,0,1,1,21,10,3,1,2,1,10,1,1,0.6,0.75,0.85,0.883333333
184,185,3,6,0,0,0,0,0,1,1,4,1,4,4,1,4,5,5,3,4,4,1,1,0,1,0,,0,23,10,0,1,1,3,10,1,1,0.7,0.25,0.5125,0.770833333
185,186,2,"1, 2",1,1,0,0,0,0,1,"1, 2",2,3,4,1,3,3,1,1,3,1,2,1,0,0,0,,0,22,7,0,7,1,3,7,2,1,0.3,0,0.525,0.575
186,187,3,"1, 2, 4, 6",1,1,0,1,0,1,3,"1, 2, 3, 4",4,3,4,2,5,4,5,3,5,3,2,1,1,0,0,1,0,23,8,4,1,1,1,10,1,1,0.7,0.5,0.8,0.733333333
187,188,1,"1, 2, 4, 5, 6",1,1,0,1,1,1,1,2,1,4,5,4,5,4,4,4,5,5,1,1,0,0,0,0,0,57,13,6,5,2,1,13,1,1,0.75,0,0.7625,0.7875
188,189,3,"1, 2, 4, 5",1,1,0,1,1,0,2,"1, 2, 3",3,1,2,4,4,3,5,2,4,1,2,1,0,0,0,0,1,17,10,3,1,1,3,10,1,1,0.55,0,0.6875,0.495833333
189,190,2,6,0,0,0,0,0,1,2,2,1,3,4,4,5,4,3,3,3,2,1,1,1,1,0,1,0,24,13,5,1,2,1,13,1,1,0.45,0.75,0.7125,0.704166667
190,191,3,"1, 2, 6",1,1,0,0,0,1,2,"2, 4",2,5,5,1,4,5,1,1,3,1,1,1,0,0,1,,1,36,9,4,5,2,3,7,2,3,0.3,0.25,0.625,0.875
191,192,3,"1, 2, 4, 6",1,1,0,1,0,1,2,"2, 3, 4",3,4,5,3,4,5,5,3,3,3,1,1,1,0,0,0,0,20,10,0,1,2,4,10,3,1,0.6,0.25,0.7875,0.8625
192,193,3,6,0,0,0,0,0,1,3,3,1,4,4,2,4,5,4,1,2,1,1,1,0,0,0,,0,28,10,5,5,2,4,10,,1,0.4,0,0.5625,0.7875
193,194,3,"1, 2, 4, 5, 6",1,1,0,1,1,1,2,"1, 2, 3, 4",4,3,5,4,5,5,5,5,5,1,1,1,1,1,1,1,0,25,8,4,1,1,3,8,1,1,0.6,1,0.95,0.85
194,195,3,"1, 2, 4, 5",1,1,0,1,1,0,2,"1, 2, 4",3,4,5,5,5,5,5,5,5,5,1,1,1,1,1,1,0,31,11,4,7,2,4,11,3,1,0.8,1,0.9375,0.9125
195,196,2,"1, 2, 4, 5",1,1,0,1,1,0,4,"2, 3, 4",3,4,4,1,4,4,4,5,5,5,1,1,1,0,0,0,0,27,8,5,5,2,4,8,3,1,0.75,0.25,0.6375,0.745833333
196,197,3,6,0,0,0,0,0,1,2,"2, 3",2,3,1,1,1,5,5,1,3,1,1,1,0,0,0,,1,21,13,0,1,1,1,13,1,1,0.5,0,0.275,0.625
197,198,3,1,1,0,0,0,0,0,1,2,1,4,5,4,5,5,5,5,5,3,1,1,0,0,0,0,0,29,10,0,5,2,3,10,1,1,0.7,0,0.7625,0.854166667
198,199,3,"1, 2, 4, 5",1,1,0,1,1,0,2,2,1,5,4,1,5,4,3,1,1,1,"4, 2",2,0,0,0,1,0,20,13,4,1,1,1,13,1,1,0.35,0.25,0.5625,0.7875
199,200,3,"2, 5, 6",0,1,0,0,1,1,3,"2, 3",2,4,5,2,5,5,4,4,3,3,1,1,1,0,0,,0,23,10,4,1,2,1,10,1,1,0.55,0.25,0.725,0.841666667
200,201,3,"1, 2",1,1,0,0,0,0,2,"2, 3",2,5,5,5,5,5,4,4,5,5,3,1,0,0,0,1,0,39,10,4,5,1,1,10,1,3,0.75,0.25,0.875,0.958333333
201,202,3,"1, 5",1,0,0,0,1,0,1,"1, 2, 3",3,4,2,1,5,2,1,2,2,1,2,1,0,0,0,0,0,50,7,5,7,5,1,13,1,4,0.25,0,0.5875,0.595833333
202,203,3,"2, 4, 5, 6",0,1,0,1,1,1,1,3,1,4,5,3,5,5,5,4,4,4,3,1,1,0,0,0,0,16,2,3,1,1,3,2,2,1,0.7,0.25,0.7125,0.8375
203,204,3,"1, 2, 4, 5, 6",1,1,0,1,1,1,1,"1, 2, 3",3,5,5,3,5,4,5,5,5,5,"1, 3",2,0,0,0,,0,38,13,4,4,4,1,13,1,1,0.85,0,0.8375,0.879166667
204,205,3,1,1,0,0,0,0,0,3,"1, 2, 3",3,4,4,2,4,4,4,1,3,2,2,1,1,1,1,1,0,28,10,4,4,2,1,10,1,1,0.5,1,0.6875,0.7625
205,206,3,"1, 2, 3, 4",1,1,1,1,0,0,2,"1, 3",2,4,5,4,4,5,3,1,5,3,2,1,0,0,0,,1,31,9,4,7,2,4,9,3,2,0.6,0,0.775,0.858333333
206,207,2,"1, 4, 5",1,0,0,1,1,0,1,3,1,5,1,1,1,1,2,1,4,1,2,1,1,0,0,1,1,25,13,3,5,1,3,13,3,4,0.4,0.5,0.2125,0.470833333
207,208,3,"1, 2, 3, 4, 5, 6",1,1,1,1,1,1,2,"1, 2, 3, 4",4,4,5,4,5,5,4,3,4,3,1,1,1,0,0,0,0,23,1,4,7,4,1,10,1,1,0.6,0.25,0.95,0.916666667
208,209,3,"1, 2, 3, 5",1,1,1,0,1,0,3,"1, 2, 3, 4",4,5,5,4,4,4,4,4,5,4,1,1,1,0,0,,0,24,1,4,5,4,1,13,1,1,0.7,0.25,0.9,0.9
209,210,3,"1, 2, 4, 5",1,1,0,1,1,0,1,3,1,5,5,4,4,4,4,1,1,1,2,1,0,0,0,0,0,40,13,4,2,2,1,13,1,2,0.35,0,0.7125,0.8375
210,211,3,"1, 2, 4, 5, 6",1,1,0,1,1,1,2,"1, 2, 3, 4",4,3,5,1,5,3,3,1,3,1,1,1,0,0,0,,0,28,8,4,5,2,3,3,2,4,0.4,0,0.8,0.666666667
211,212,1,"1, 2",1,1,0,0,0,0,2,2,1,5,5,4,4,5,3,3,4,3,2,1,0,0,0,1,1,50,10,6,5,2,1,10,1,4,0.55,0.25,0.7125,0.904166667
212,213,3,5,0,0,0,0,1,0,3,3,1,4,4,5,5,4,5,1,3,4,2,1,1,0,0,0,0,23,8,4,4,2,1,10,1,1,0.65,0.25,0.7625,0.7875
213,214,3,"1, 3, 4, 5, 6",1,0,1,1,1,1,4,"2, 3",2,4,1,4,4,4,3,4,4,4,1,1,1,0,0,1,1,16,13,3,1,1,3,13,1,1,0.6,0.5,0.575,0.725
214,215,2,6,0,0,0,0,0,1,2,"2, 3",2,2,4,4,3,5,4,1,2,1,2,1,0,0,0,0,0,23,10,5,1,1,2,10,1,1,0.4,0,0.675,0.691666667
215,216,3,"1, 2, 4, 5, 6",1,1,0,1,1,1,2,"1, 2, 3, 4",4,3,3,2,5,4,5,4,3,3,2,1,0,0,0,0,1,24,10,0,1,1,1,10,1,1,0.6,0,0.75,0.716666667
216,217,2,"1, 5",1,0,0,0,1,0,1,"1, 2",2,5,1,1,4,2,1,2,4,1,1,1,0,0,0,,0,30,10,4,5,2,2,10,3,1,0.35,0,0.425,0.608333333
217,218,3,"1, 2, 4, 5, 6",1,1,0,1,1,1,4,"2, 3, 4",3,3,4,2,3,5,3,1,3,1,1,1,0,0,0,,1,18,7,0,1,1,4,7,4,3,0.4,0,0.6375,0.745833333
218,219,3,"1, 2, 3, 4, 5",1,1,1,1,1,0,3,"1, 2, 3, 4",4,4,4,4,5,4,5,4,5,5,1,1,1,0,0,0,1,23,10,4,1,2,3,10,1,4,0.8,0.25,0.9,0.833333333
219,220,3,6,0,0,0,0,0,1,2,"1, 2, 3",3,4,4,1,4,5,4,4,4,4,1,1,0,1,0,1,0,26,12,4,7,4,3,12,1,1,0.65,0.5,0.6375,0.8125
220,221,3,"1, 4, 5",1,0,0,1,1,0,0,"2, 3",2,5,2,1,3,4,3,4,2,1,2,1,0,0,0,,0,26,10,5,5,2,1,10,1,1,0.35,0,0.425,0.741666667
221,222,3,"1, 2, 5",1,1,0,0,1,0,2,"1, 2, 4",3,4,4,1,4,5,1,4,3,3,1,1,0,0,0,,0,36,8,4,5,2,3,10,1,1,0.4,0,0.6375,0.8125
222,223,2,"1, 2, 4, 5, 6",1,1,0,1,1,1,3,"1, 2, 3, 4",4,5,5,2,5,4,4,2,4,4,1,1,0,0,0,,0,33,14,4,4,5,1,13,1,1,0.65,0,0.85,0.883333333
223,224,3,6,0,0,0,0,0,1,2,3,1,4,1,1,4,5,4,1,4,4,1,1,0,0,0,0,1,33,9,4,7,5,4,3,4,1,0.65,0.5,0.3625,0.720833333
224,225,3,"1, 2, 3, 4, 5",1,1,1,1,1,0,2,"1, 2, 4",3,4,4,4,5,1,4,5,4,4,"1, 3",2,1,1,0,0,1,36,10,3,7,3,1,10,1,1,0.7,0.5,0.8375,0.6125
225,226,1,"1, 2, 4, 5",1,1,0,1,1,0,1,"1, 2, 3, 4",4,5,3,1,3,3,2,5,5,5,1,1,1,1,0,0,1,21,1,4,7,2,3,10,1,1,0.65,0.25,0.6,0.733333333
226,227,2,"1, 5, 6",1,0,0,0,1,1,1,"1, 2, 3, 4",4,5,1,1,1,5,1,3,3,3,2,1,1,0,0,,1,35,13,5,4,5,1,13,1,4,0.4,0.25,0.4,0.8
227,228,2,"1, 2, 5",1,1,0,0,1,0,3,"1, 2, 3",3,3,4,1,4,5,1,1,4,1,1,1,1,0,0,,0,23,10,4,7,2,1,10,,1,0.35,0.25,0.6375,0.745833333
228,229,3,6,0,0,0,0,0,1,2,3,1,2,1,1,4,5,1,1,1,4,1,1,0,0,0,1,1,40,13,4,7,2,1,13,1,4,0.35,0.25,0.3625,0.5875
229,230,3,6,0,0,0,0,0,1,4,"1, 2, 3, 4",4,3,3,2,4,5,3,3,4,4,1,1,1,0,0,,0,30,10,5,5,2,3,7,2,4,0.6,0.25,0.7,0.766666667
230,231,2,"1, 2",1,1,0,0,0,0,3,4,1,5,4,4,1,2,2,3,4,1,1,1,1,0,0,,0,21,8,0,1,1,3,8,1,1,0.4,0.25,0.5125,0.6375
231,232,2,"1, 2, 3, 4, 5, 6",1,1,1,1,1,1,2,"1, 2, 3, 4",4,3,2,4,4,5,4,3,3,3,1,1,1,0,0,,1,28,10,4,4,2,1,10,1,1,0.55,0.25,0.75,0.783333333
232,233,3,"1, 2, 4, 6",1,1,0,1,0,1,3,"2, 3",2,4,3,1,4,5,5,1,3,3,1,1,1,0,0,,1,21,5,0,4,2,3,5,2,1,0.6,0,0.525,0.775
233,234,3,"1, 2, 5, 6",1,1,0,0,1,1,1,"2, 3, 4",3,2,2,1,4,2,4,2,4,1,2,1,0,0,0,,0,23,13,3,1,1,1,13,1,4,0.5,0.25,0.5375,0.445833333
234,235,2,"1, 2, 6",1,1,0,0,0,1,3,"1, 2, 3, 4",4,3,5,1,4,4,4,3,3,4,2,1,1,0,0,,0,22,10,5,1,1,3,10,1,1,0.6,0.25,0.75,0.716666667
235,236,2,"1, 2, 5, 6",1,1,0,0,1,1,2,2,1,3,5,1,5,5,1,1,1,1,2,1,1,0,0,,0,27,10,5,5,2,1,10,3,1,0.2,0,0.6125,0.7375
236,237,1,"1, 2, 5",1,1,0,0,1,0,1,"2, 3",2,5,5,1,5,2,2,1,4,2,2,1,0,0,0,,0,44,6,5,5,2,1,13,1,1,0.45,0.75,0.675,0.691666667
237,238,3,"1, 2, 4, 5, 6",1,1,0,1,1,1,4,"2, 3",2,5,5,3,4,4,5,4,4,3,2,1,1,1,1,0,0,22,5,4,1,1,3,1,2,1,0.65,0,0.725,0.841666667
238,239,2,1,1,0,0,0,0,0,2,2,1,2,2,1,5,1,1,2,4,4,1,1,0,0,0,0,0,45,10,5,5,2,3,8,1,1,0.5,0,0.4625,0.354166667
239,240,3,6,0,0,0,0,0,1,3,2,1,4,5,1,4,5,5,1,3,1,2,1,0,0,0,,0,24,10,4,3,2,1,10,1,1,0.5,0.25,0.5625,0.7875
240,241,3,"1, 2, 3, 4, 5, 6",1,1,1,1,1,1,2,"1, 2, 3, 4",4,5,4,4,5,4,4,4,4,3,2,1,1,0,0,0,0,37,13,5,5,2,3,5,2,1,0.6,0.25,0.9,0.9
241,242,1,"1, 4",1,0,0,1,0,0,1,"1, 2, 3, 4",4,4,4,1,5,1,5,4,4,4,1,1,1,0,0,0,1,24,5,4,7,3,3,14,1,1,0.7,0.25,0.75,0.583333333
242,243,1,"2, 4, 5",0,1,0,1,1,0,2,"1, 2, 3, 4",4,4,4,4,4,4,4,4,4,4,1,1,0,0,0,1,0,25,13,5,4,2,1,13,1,1,0.65,0,0.85,0.816666667
243,244,3,"1, 2, 4, 5, 6",1,1,0,1,1,1,4,"2, 3",2,1,5,1,2,5,4,1,4,1,2,1,0,0,0,0,0,29,13,4,5,2,1,3,2,4,0.5,0.25,0.525,0.575
244,245,2,"1, 2, 3, 4, 5, 6",1,1,1,1,1,1,3,"2, 3, 4",3,5,5,4,5,5,5,5,5,5,1,1,0,0,0,1,0,35,13,4,4,4,1,13,1,1,0.8,0.25,0.8875,0.9625
245,246,3,4,0,0,0,1,0,0,3,4,1,3,3,3,5,5,4,4,4,4,1,1,1,0,0,,1,34,9,4,5,2,3,11,1,1,0.65,0.5,0.6125,0.7375
246,247,3,"1, 5, 6",1,0,0,0,1,1,3,4,1,5,5,5,2,5,5,5,5,5,3,1,1,0,0,1,1,25,10,4,5,2,4,10,3,1,0.8,0.75,0.6625,0.8875
247,248,1,"1, 5, 6",1,0,0,0,1,1,2,"1, 3, 4",3,4,3,3,5,4,4,4,5,4,1,1,1,1,0,1,1,28,10,4,7,2,4,10,3,1,0.7,0.25,0.7375,0.779166667
248,249,3,"1, 2, 4, 6",1,1,0,1,0,1,3,"1, 2, 3, 4",4,1,5,3,4,4,5,4,4,4,1,1,1,0,0,,1,28,10,5,5,2,3,9,1,1,0.7,0,0.85,0.616666667
249,250,3,"1, 6",1,0,0,0,0,1,2,"2, 3, 4",3,3,4,3,3,5,2,2,3,2,1,1,0,0,0,,0,20,10,3,1,1,3,10,1,1,0.4,1,0.6875,0.7625
250,251,3,"1, 2, 6",1,1,0,0,0,1,2,"1, 3",2,4,4,1,4,4,3,4,4,4,3,1,1,1,1,1,0,35,10,5,3,5,4,2,4,1,0.6,0.5,0.575,0.725
251,252,2,"1, 2, 4, 6",1,1,0,1,0,1,4,"1, 2, 3, 4",4,3,3,1,5,5,5,1,3,1,1,1,1,1,0,0,1,38,10,4,7,4,3,10,1,4,0.5,0.25,0.7,0.766666667
252,253,3,"1, 2, 6",1,1,0,0,0,1,2,"1, 2, 3, 4",4,4,5,1,5,5,1,1,4,1,1,1,1,0,0,,0,24,9,4,4,2,1,10,1,1,0.35,0,0.8,0.866666667
253,254,3,"1, 2, 4, 5, 6",1,1,0,1,1,1,3,"2, 3, 4",3,4,4,4,4,5,4,4,5,5,2,1,0,0,0,0,1,36,8,4,5,2,3,8,2,4,0.75,0.25,0.7875,0.8625
254,255,3,"1, 2, 4, 5, 6",1,1,0,1,1,1,3,"2, 3, 4",3,3,4,2,4,5,4,2,3,3,1,1,0,0,1,0,1,32,10,5,4,3,1,10,1,1,0.55,0.5,0.6875,0.7625
255,256,3,"1, 2",1,1,0,0,0,0,2,"1, 2, 3, 4",4,4,4,3,5,5,5,2,5,4,2,1,1,1,0,,0,23,1,4,4,2,3,1,2,1,0.75,0.25,0.85,0.883333333
256,257,2,"1, 2, 6",1,1,0,0,0,1,3,"1, 2, 4",3,3,3,4,3,5,5,3,1,3,"1, 2",2,0,0,0,1,1,27,10,4,6,2,1,8,1,4,0.55,0.5,0.6875,0.7625
257,258,3,"1, 2",1,1,0,0,0,0,1,"1, 2, 3, 4",4,4,5,1,3,4,1,1,3,1,2,1,1,0,0,1,0,30,10,4,4,2,2,10,2,1,0.3,0.25,0.7,0.766666667
258,259,3,"1, 2, 4, 5, 6",1,1,0,1,1,1,2,"1, 2, 3",3,4,5,2,3,3,3,3,3,3,1,1,0,0,0,1,0,50,9,4,5,2,2,10,1,1,0.5,0.25,0.6875,0.695833333
259,260,2,"1, 2, 5, 6",1,1,0,0,1,1,2,"2, 3, 4",3,4,5,3,4,4,4,5,4,4,2,1,1,0,0,0,0,45,7,5,5,2,1,13,4,3,0.65,0.75,0.7875,0.795833333
260,261,2,"1, 2, 3, 4, 5",1,1,1,1,1,0,2,2,1,5,5,5,4,1,4,4,5,5,1,1,1,1,0,1,0,43,8,4,5,2,4,8,3,1,0.75,0,0.7625,0.654166667
261,262,3,"1, 2",1,1,0,0,0,0,3,"1, 2, 3, 4",4,3,5,3,5,3,3,3,5,1,1,1,0,0,0,0,0,19,2,0,1,1,3,2,2,4,0.5,0.5,0.9,0.7
262,263,2,"2, 5, 6",0,1,0,0,1,1,4,"2, 3, 4",3,2,5,3,2,4,4,3,2,3,1,1,1,0,1,0,0,56,7,4,4,2,1,10,1,3,0.5,0.5,0.6875,0.629166667
263,264,1,"1, 2, 5",1,1,0,0,1,0,2,"2, 4",2,5,5,1,5,2,4,5,5,4,2,1,1,0,0,1,0,58,8,6,5,2,1,10,1,1,0.7,0,0.675,0.691666667
264,265,2,"1, 2, 5",1,1,0,0,1,0,4,"2, 3",2,1,4,2,5,3,2,1,5,1,2,1,0,0,0,0,1,22,9,4,1,1,3,9,1,1,0.45,0.25,0.675,0.491666667
265,266,2,"1, 4, 5, 6",1,0,0,1,1,1,4,"2, 3, 4",3,5,3,3,5,5,5,4,4,4,3,1,1,0,0,0,1,46,13,4,5,3,3,10,1,1,0.7,0.25,0.7375,0.9125
266,267,3,6,0,0,0,0,0,1,1,1,1,3,4,1,4,4,5,4,4,2,2,1,0,0,0,1,0,26,13,4,5,2,2,13,3,2,0.6,0.25,0.5125,0.6375
267,268,3,"1, 2, 4, 5, 6",1,1,0,1,1,1,1,"1, 2, 3, 4",4,3,4,2,4,4,4,3,4,3,2,1,1,0,0,,1,20,12,0,1,1,1,13,1,1,0.6,0.75,0.75,0.716666667
268,269,3,"1, 4, 5",1,0,0,1,1,0,1,"1, 2, 4",3,2,3,1,5,1,1,1,5,1,1,1,1,1,1,0,1,24,11,4,7,2,3,11,2,1,0.4,0.25,0.6375,0.4125
269,270,3,3,0,0,1,0,0,0,2,2,1,4,5,5,4,4,4,5,4,4,2,1,0,0,0,1,1,45,10,6,5,2,1,7,1,1,0.65,0.25,0.7625,0.7875
270,271,3,"1, 2, 4, 6",1,1,0,1,0,1,3,"1, 2, 3, 4",4,4,5,1,4,5,5,4,4,4,1,1,1,0,0,,0,35,10,5,5,2,1,13,1,1,0.7,0.5,0.75,0.85
271,272,2,"1, 2, 5, 6",1,1,0,0,1,1,3,"1, 2, 3, 4",4,4,5,1,4,5,5,4,4,4,1,1,1,0,0,1,0,27,10,4,4,2,3,10,1,1,0.7,0.75,0.75,0.85
272,273,3,"1, 2, 3, 4, 6",1,1,1,1,0,1,3,"2, 3, 4",3,5,5,4,5,5,4,4,4,5,3,1,1,1,0,1,0,25,9,4,5,2,4,9,3,1,0.7,0,0.8875,0.9625
273,274,1,"1, 2",1,1,0,0,0,0,2,1,1,3,3,3,3,3,3,3,4,4,2,1,0,0,0,0,1,38,10,5,7,5,1,10,1,4,0.6,0,0.5125,0.570833333
274,275,2,"5, 6",0,0,0,0,1,1,4,"1, 2",2,3,3,4,4,2,2,2,3,3,1,1,0,0,0,0,0,40,7,5,5,2,3,7,2,3,0.45,0.25,0.675,0.558333333
275,276,2,"1, 4, 5, 6",1,0,0,1,1,1,4,"2, 3, 4",3,5,5,4,5,2,3,1,5,1,2,1,1,0,0,0,1,19,10,3,1,1,1,10,1,4,0.5,0,0.8875,0.7625
276,277,3,6,0,0,0,0,0,1,3,"3, 4",2,4,4,5,4,5,5,3,1,1,2,1,0,0,0,0,0,23,8,5,1,1,3,8,1,1,0.4,0.25,0.775,0.858333333
277,278,2,"1, 5",1,0,0,0,1,0,4,"1, 2, 3, 4",4,5,4,3,5,4,2,2,3,2,1,1,1,0,0,,1,40,6,4,4,4,1,13,1,4,0.4,0.25,0.85,0.883333333
278,279,2,"1, 2, 6",1,1,0,0,0,1,3,"1, 2, 4",3,4,5,3,4,5,3,1,3,1,1,1,1,0,0,,1,30,8,5,6,2,3,10,1,4,0.4,0,0.7875,0.8625
279,280,2,"1, 2, 4, 5",1,1,0,1,1,0,2,"1, 2, 3",3,3,3,3,2,4,4,2,2,2,2,1,0,0,0,,0,32,14,4,4,5,1,13,1,1,0.45,0.75,0.5875,0.6625
280,281,3,1,1,0,0,0,0,0,3,"1, 2, 3, 4",4,5,4,4,5,4,4,3,5,5,3,1,1,1,0,1,1,30,10,5,5,2,1,10,1,1,0.75,0.25,0.9,0.9
281,282,3,"1, 2, 3, 5, 6",1,1,1,0,1,1,3,"1, 2, 3, 4",4,5,5,5,4,2,2,3,4,2,"1, 2",2,1,0,0,,1,24,10,4,7,1,1,10,1,1,0.5,0,0.95,0.783333333
282,283,2,"1, 5",1,0,0,0,1,0,2,"1, 2, 3, 4",4,3,4,1,3,2,3,5,4,1,1,1,0,0,0,0,0,16,5,3,1,1,2,10,1,2,0.45,0.25,0.65,0.55
283,284,3,2,0,1,0,0,0,0,2,3,1,4,5,4,4,4,4,4,4,4,2,1,0,0,0,1,1,45,10,6,5,2,1,7,1,1,0.65,0.25,0.7125,0.770833333
284,285,2,"1, 2, 4, 5",1,1,0,1,1,0,2,"1, 2, 4",3,4,4,1,5,1,1,4,5,3,2,1,1,0,0,0,0,42,2,4,5,2,3,2,2,4,0.5,0.25,0.6875,0.5625
285,286,3,"1, 5",1,0,0,0,1,0,2,"1, 2, 3, 4",4,5,4,1,5,4,1,1,1,1,2,1,1,0,0,0,0,25,9,5,7,2,1,9,1,4,0.2,0.25,0.75,0.85
286,287,2,6,0,0,0,0,0,1,3,2,1,3,4,2,4,5,4,3,4,2,1,1,0,0,0,1,0,24,10,4,5,2,3,10,1,1,0.55,0.5,0.5625,0.720833333
287,288,3,"1, 2, 4, 5, 6",1,1,0,1,1,1,2,"1, 2, 3, 4",4,5,4,2,4,4,2,4,4,4,1,1,1,0,0,1,1,27,10,4,7,2,1,10,1,1,0.55,1,0.75,0.85
288,289,2,"1, 2, 5",1,1,0,0,1,0,4,"1, 2, 3, 4",4,5,5,5,4,4,4,5,5,5,"3, 4, 2",3,1,1,1,1,1,30,5,4,7,2,3,5,2,3,0.85,0.25,0.95,0.916666667
289,290,3,"1, 6",1,0,0,0,0,1,3,"2, 3",2,3,3,2,5,4,4,3,4,4,1,1,1,0,0,,0,23,13,4,1,1,3,13,1,1,0.65,0,0.625,0.675
290,291,1,1,1,0,0,0,0,0,1,2,1,3,2,1,5,1,5,3,4,1,2,1,0,0,0,,1,37,7,5,7,2,1,7,1,4,0.55,0.25,0.4625,0.420833333
291,292,2,"1, 2, 5",1,1,0,0,1,0,1,"1, 3, 4",3,5,4,2,5,2,1,3,4,4,1,1,1,0,0,,0,60,10,4,7,5,1,10,1,1,0.5,0.25,0.7375,0.7125
292,293,3,"1, 2, 4, 5, 6",1,1,0,1,1,1,2,"1, 2, 3, 4",4,3,4,1,3,3,3,3,1,1,1,1,1,0,0,0,0,37,2,5,5,2,1,13,1,1,0.3,0.25,0.65,0.616666667
293,294,2,"1, 2, 4",1,1,0,1,0,0,4,"1, 2, 3",3,4,4,1,4,4,4,3,3,4,1,1,1,0,0,0,0,30,9,6,5,4,5,9,,1,0.6,0,0.6375,0.745833333
294,295,3,"1, 6",1,0,0,0,0,1,2,"2, 3",2,2,2,1,1,5,3,1,1,1,1,1,0,0,0,,1,24,10,4,1,1,1,10,1,4,0.3,0.25,0.325,0.575
295,296,2,2,0,1,0,0,0,0,2,2,1,4,5,4,5,4,4,3,4,4,1,1,1,0,0,0,0,27,8,5,7,2,4,8,3,1,0.65,0,0.7625,0.7875
296,297,3,1,1,0,0,0,0,0,1,"2, 3",2,5,3,3,5,4,2,5,5,4,3,1,0,0,0,,1,34,14,4,1,1,1,13,1,4,0.6,0.25,0.675,0.825
297,298,3,"1, 2, 5, 6",1,1,0,0,1,1,3,"2, 3",2,4,4,1,3,4,2,1,1,1,2,1,1,0,0,0,0,24,9,5,4,2,3,9,1,1,0.25,0.25,0.525,0.708333333
298,299,2,"1, 2, 4, 5",1,1,0,1,1,0,2,"2, 3, 4",3,5,5,2,5,2,3,4,4,4,1,1,1,0,0,0,0,52,1,6,5,2,1,10,1,1,0.6,0.25,0.7875,0.729166667
299,300,3,"4, 6",0,0,0,1,0,1,3,"3, 4",2,4,4,4,5,5,5,4,4,4,1,1,0,0,0,1,0,23,3,5,1,2,3,3,2,1,0.7,0,0.775,0.858333333
300,301,2,"2, 6",0,1,0,0,0,1,1,"2, 3, 4",3,4,5,1,4,4,1,4,4,1,2,1,0,0,0,0,0,42,10,4,5,2,4,10,3,1,0.35,0,0.6875,0.7625
301,302,3,"4, 5, 6",0,0,0,1,1,1,2,"1, 2",2,3,4,2,2,5,5,4,1,1,2,1,0,0,0,,0,30,13,5,4,3,1,13,1,1,0.4,0.25,0.525,0.708333333
302,303,3,6,0,0,0,0,0,1,3,3,1,4,5,4,4,5,4,3,4,3,1,1,1,0,0,0,1,20,1,0,1,1,3,1,2,1,0.6,0.25,0.7125,0.8375
303,304,3,"1, 2",1,1,0,0,0,0,1,"2, 4",2,5,5,3,4,1,1,4,3,3,2,1,1,0,0,,0,30,1,5,4,4,1,13,1,4,0.4,0.25,0.725,0.641666667
304,305,2,"1, 2, 4",1,1,0,1,0,0,1,"2, 3",2,5,5,1,5,5,5,5,5,4,1,1,0,0,0,1,1,20,8,4,1,1,4,8,3,4,0.75,0.25,0.675,0.891666667
305,306,2,"1, 2, 5, 6",1,1,0,0,1,1,2,"1, 2, 3",3,4,4,3,5,5,3,3,5,4,1,1,1,0,0,,0,21,10,4,1,1,3,10,1,4,0.65,0,0.7875,0.8625
306,307,3,"1, 2, 3, 4, 5",1,1,1,1,1,0,3,"1, 2, 3",3,5,4,4,5,4,4,5,4,4,2,1,0,0,0,,0,30,10,4,4,2,1,10,1,1,0.65,0.25,0.8375,0.879166667
307,308,1,2,0,1,0,0,0,0,1,"2, 4",2,3,5,1,1,1,1,1,1,1,1,1,1,0,0,,0,21,10,0,1,1,1,10,1,1,0.2,0.25,0.475,0.425
308,309,3,4,0,0,0,1,0,0,3,2,1,5,5,5,5,5,5,4,5,5,3,1,0,0,0,1,0,27,10,5,5,2,1,10,1,2,0.8,0.25,0.8125,0.9375
309,310,3,"1, 2, 5",1,1,0,0,1,0,2,"2, 3",2,3,5,3,3,2,3,2,4,2,2,1,1,0,0,0,1,24,7,4,5,2,1,13,1,1,0.5,0.25,0.675,0.558333333
310,311,2,"1, 2, 5, 6",1,1,0,0,1,1,2,"1, 2, 4",3,3,4,1,5,4,3,1,4,4,1,1,0,0,0,1,0,29,10,4,5,2,1,10,1,1,0.6,0.25,0.6875,0.695833333
311,312,2,"1, 2, 6",1,1,0,0,0,1,3,"1, 2, 3",3,5,5,3,3,4,2,2,3,1,1,1,1,0,0,0,1,31,13,4,1,2,5,15,1,1,0.35,0,0.7375,0.845833333
312,313,2,"4, 5",0,0,0,1,1,0,1,3,1,3,1,1,1,3,2,5,4,1,1,1,0,0,0,0,1,17,1,3,1,1,1,13,1,1,0.4,0.25,0.2125,0.470833333
313,314,3,"1, 4",1,0,0,1,0,0,1,"2, 3, 4",3,1,2,1,1,2,2,1,1,1,2,1,1,0,0,0,1,28,10,4,4,2,1,10,1,1,0.25,0,0.3875,0.329166667
314,315,2,"1, 2",1,1,0,0,0,0,2,3,1,4,5,4,4,4,4,1,1,1,2,1,0,0,0,0,1,40,9,5,5,2,1,13,4,4,0.35,0,0.7125,0.770833333
315,316,2,6,0,0,0,0,0,1,1,2,1,5,5,4,4,4,5,4,4,1,2,1,0,0,0,0,1,21,7,0,1,1,4,7,1,1,0.55,0,0.7125,0.8375
316,317,1,"1, 2, 4",1,1,0,1,0,0,1,"2, 3, 4",3,5,4,1,4,4,4,4,3,3,2,1,0,0,0,,1,37,10,4,5,2,3,10,1,1,0.55,0.25,0.6375,0.8125
317,318,2,"1, 2, 5",1,1,0,0,1,0,2,"2, 3",2,5,4,2,3,4,3,4,4,4,1,1,1,0,0,0,1,18,10,0,1,1,3,10,1,1,0.6,0.25,0.575,0.791666667
318,319,3,"2, 3, 4",0,1,1,1,0,0,4,"1, 2, 3",3,4,5,5,5,5,5,5,5,5,1,1,0,0,0,1,0,23,1,4,4,2,1,10,1,2,0.8,0,0.9375,0.9125
319,320,2,"1, 2, 3, 4, 5",1,1,1,1,1,0,4,"1, 2, 3",3,5,5,4,5,1,5,5,5,5,3,1,0,0,0,,0,22,9,0,4,2,1,9,1,1,0.8,0.5,0.8875,0.695833333
320,321,2,"4, 6",0,0,0,1,0,1,4,"1, 2, 3, 4",4,5,5,3,4,5,5,2,4,4,2,1,1,1,0,,1,35,10,5,5,2,1,10,1,1,0.7,0,0.85,0.95
321,322,3,6,0,0,0,0,0,1,2,3,1,3,4,4,4,4,4,3,4,1,2,1,0,0,0,0,0,23,1,4,4,2,1,10,1,1,0.5,0.25,0.6625,0.6875
322,323,2,5,0,0,0,0,1,0,1,3,1,2,1,1,5,5,1,2,4,3,1,1,1,0,0,0,0,24,10,4,5,2,1,13,1,4,0.45,0.5,0.4125,0.604166667
323,324,2,"1, 2, 4, 5, 6",1,1,0,1,1,1,4,"1, 2, 3, 4",4,5,5,4,4,4,4,4,4,4,1,1,1,0,0,1,0,22,7,0,1,1,2,7,3,2,0.65,0.25,0.9,0.9
324,325,3,5,0,0,0,0,1,0,2,1,1,3,4,2,5,4,2,1,3,2,"1, 2",2,1,0,0,0,1,20,10,4,1,2,4,10,3,1,0.45,0.5,0.6125,0.670833333
325,326,3,"1, 2, 4, 5, 6",1,1,0,1,1,1,2,"1, 2, 3, 4",4,4,4,3,4,5,4,4,4,4,3,1,1,0,0,1,1,32,1,4,4,3,3,1,2,3,0.65,0.25,0.8,0.866666667
326,327,3,2,0,1,0,0,0,0,1,2,1,4,5,4,4,4,5,3,4,4,2,1,0,0,0,1,0,22,10,4,1,1,1,10,1,1,0.7,0.5,0.7125,0.770833333
327,328,2,"1, 2, 5",1,1,0,0,1,0,1,"2, 3",2,4,4,1,5,5,1,4,3,1,1,1,1,0,0,1,0,53,13,6,5,2,1,13,1,1,0.3,0.25,0.625,0.808333333
328,329,3,"2, 4",0,1,0,1,0,0,3,"1, 2, 3",3,4,5,3,4,5,5,3,4,1,1,1,1,0,0,0,1,22,11,4,4,2,1,13,1,1,0.55,0.25,0.7875,0.8625
329,330,2,"1, 2, 3, 4, 5, 6",1,1,1,1,1,1,3,"1, 2, 3, 4",4,5,5,1,5,5,5,5,5,3,1,1,0,0,0,1,0,24,10,4,7,2,3,10,1,1,0.7,0,0.8,0.933333333
330,331,3,"1, 2, 5, 6",1,1,0,0,1,1,3,"1, 2, 3, 4",4,3,5,3,5,5,3,2,3,1,2,1,0,0,0,,0,27,10,5,4,3,1,13,1,1,0.4,0.25,0.9,0.833333333
331,332,3,"1, 5",1,0,0,0,1,0,3,"2, 3, 4",3,4,4,4,4,4,2,3,5,4,1,1,1,0,0,0,1,25,10,0,1,2,1,10,1,1,0.6,0.5,0.7875,0.795833333
332,333,3,"1, 5, 6",1,0,0,0,1,1,2,"2, 3",2,4,4,4,5,4,4,4,5,4,1,1,1,0,0,1,0,28,9,5,5,2,4,9,3,1,0.7,0.25,0.775,0.791666667
333,334,3,4,0,0,0,1,0,0,3,"1, 2, 3, 4",4,2,3,3,3,4,5,3,4,2,2,1,1,0,0,,0,29,7,4,4,2,1,10,1,4,0.6,0.25,0.7,0.633333333
334,335,2,"1, 2, 3, 4, 5",1,1,1,1,1,0,3,"2, 3, 4",3,3,3,3,3,1,1,3,4,3,1,1,1,0,0,,0,39,10,4,7,3,4,10,3,1,0.45,0.25,0.6375,0.479166667
335,336,2,"1, 2, 6",1,1,0,0,0,1,3,"1, 3",2,4,5,3,3,4,3,2,5,1,1,1,1,0,0,0,1,29,8,4,5,2,3,7,1,2,0.5,0.5,0.675,0.758333333
336,337,3,"2, 4, 5",0,1,0,1,1,0,2,"2, 3, 4",3,5,5,4,5,5,5,5,4,4,1,1,1,1,0,,0,21,7,0,1,1,4,7,4,1,0.7,0.5,0.8875,0.9625
337,338,3,"1, 2, 5, 6",1,1,0,0,1,1,4,"2, 3",2,5,5,4,5,4,3,3,3,4,1,1,1,0,0,1,0,26,11,4,7,3,3,11,1,1,0.55,0.25,0.825,0.875
338,339,2,5,0,0,0,0,1,0,2,1,1,4,5,4,5,5,4,3,4,4,2,1,1,0,0,,0,29,10,4,4,2,1,10,1,1,0.65,0.25,0.7625,0.854166667
339,340,3,"1, 2, 3, 5",1,1,1,0,1,0,3,"1, 2",2,3,4,4,4,3,2,5,3,5,"3, 4",2,1,0,0,0,1,25,10,4,6,3,3,10,1,4,0.6,0.5,0.725,0.641666667
340,341,3,5,0,0,0,0,1,0,1,2,1,5,1,1,5,1,1,1,5,5,3,1,1,0,0,1,1,37,7,4,7,5,3,7,2,1,0.6,0.5,0.4125,0.5375
341,342,3,5,0,0,0,0,1,0,2,1,1,2,5,3,5,4,5,1,4,1,2,1,1,0,0,1,1,24,10,4,2,1,4,10,3,1,0.55,0.25,0.7125,0.6375
342,343,3,"1, 2, 3, 4, 5, 6",1,1,1,1,1,1,4,"1, 2, 3, 4",4,5,5,5,5,5,5,5,5,5,"3, 4",2,1,0,0,0,1,30,10,4,5,2,1,10,1,1,0.85,0.25,1,1
343,344,3,"1, 2, 6",1,1,0,0,0,1,2,"1, 2, 3, 4",4,5,5,3,5,4,4,3,5,4,1,1,1,0,0,0,1,22,1,4,1,1,1,10,1,1,0.7,0.5,0.9,0.9
344,345,3,"2, 4, 6",0,1,0,1,0,1,4,"2, 4",2,1,3,1,1,4,5,3,2,3,1,1,1,0,1,0,0,24,8,4,1,1,4,8,3,1,0.55,0.25,0.375,0.458333333
345,346,2,"1, 2, 4, 5, 6",1,1,0,1,1,1,4,"1, 3",2,3,4,4,3,5,4,4,2,1,1,1,1,0,0,,0,35,10,5,4,3,1,13,1,4,0.4,0.25,0.675,0.758333333
346,347,2,1,1,0,0,0,0,0,1,4,1,5,5,3,4,5,3,3,4,3,2,1,1,0,0,,0,27,10,4,4,2,3,10,1,1,0.55,0.25,0.6625,0.8875
347,348,3,"1, 2, 3, 4, 6",1,1,1,1,0,1,3,"2, 3, 4",3,4,4,4,4,4,3,2,4,4,1,1,1,0,0,,1,25,9,4,4,2,1,10,1,4,0.6,0,0.7875,0.795833333
348,349,2,1,1,0,0,0,0,0,2,3,1,4,5,2,1,2,2,1,4,4,2,1,0,0,0,0,0,25,9,4,5,2,3,7,2,1,0.55,0.75,0.4625,0.554166667
349,350,3,"1, 2, 4, 5, 6",1,1,0,1,1,1,3,"1, 2, 3, 4",4,5,5,1,5,5,4,2,4,4,1,1,0,1,1,1,0,23,8,4,1,1,4,8,3,1,0.65,0,0.8,0.933333333
350,351,2,"1, 2, 3, 4, 5, 6",1,1,1,1,1,1,2,"1, 2, 3, 4",4,5,3,3,3,3,3,2,3,1,2,1,0,0,0,0,1,29,10,4,4,2,1,10,3,4,0.4,0.25,0.7,0.766666667
351,352,2,"1, 2, 4",1,1,0,1,0,0,2,"2, 3, 4",3,5,5,3,5,4,5,5,5,5,1,1,1,0,0,,1,24,9,3,1,1,3,9,1,1,0.8,1,0.8375,0.879166667
352,353,2,"1, 2, 4, 5",1,1,0,1,1,0,3,"2, 4",2,5,5,4,5,4,5,5,5,4,1,1,1,1,1,1,0,23,8,4,1,1,4,8,3,1,0.75,0.25,0.825,0.875
353,354,3,"1, 5",1,0,0,0,1,0,3,"1, 2, 4",3,2,1,1,3,2,2,4,4,3,2,1,1,0,0,0,1,20,9,0,1,1,3,9,1,1,0.5,0,0.4375,0.4125
354,355,2,"1, 2, 5, 6",1,1,0,0,1,1,1,"1, 2, 3, 4",4,3,3,3,4,3,1,5,4,1,2,1,0,0,0,,1,29,10,0,2,1,4,10,3,1,0.35,0,0.75,0.65
355,356,2,"2, 5",0,1,0,0,1,0,2,2,1,5,5,2,2,2,3,2,5,5,1,1,0,0,0,0,0,28,10,4,5,2,3,7,2,1,0.7,0,0.5125,0.6375
356,357,3,"1, 5",1,0,0,0,1,0,1,"1, 2, 3",3,3,4,1,2,2,2,1,3,1,2,1,0,0,0,,0,23,13,4,7,2,1,13,1,4,0.35,0.5,0.5375,0.5125
357,358,2,"1, 2, 4, 5, 6",1,1,0,1,1,1,3,"1, 2, 3, 4",4,4,5,3,4,4,3,3,4,4,1,1,1,0,1,0,1,29,9,4,5,2,3,7,2,1,0.6,1,0.85,0.816666667
358,359,1,5,0,0,0,0,1,0,2,2,1,5,4,3,5,4,4,4,5,4,2,1,1,1,1,1,0,17,8,3,1,1,4,8,3,1,0.7,0.25,0.6625,0.820833333
359,360,2,"1, 4, 5",1,0,0,1,1,0,2,"1, 2, 3, 4",4,3,3,3,5,3,2,3,5,3,1,1,1,0,0,,0,42,10,4,5,2,3,7,1,1,0.55,0.25,0.8,0.666666667
360,361,2,"1, 2, 6",1,1,0,0,0,1,2,"1, 2, 3, 4",4,4,4,3,5,5,3,4,4,4,1,1,0,0,0,1,1,27,10,5,5,2,2,10,1,1,0.6,1,0.85,0.883333333
361,362,1,5,0,0,0,0,1,0,2,2,1,5,4,3,4,4,4,4,5,4,1,1,1,1,1,1,0,17,8,3,1,1,4,8,3,1,0.7,0.25,0.6125,0.804166667
362,363,3,1,1,0,0,0,0,0,2,"1, 3",2,3,3,1,4,1,1,1,4,2,2,1,0,0,0,1,0,23,7,4,5,2,3,7,2,4,0.4,0.25,0.525,0.441666667
363,364,2,"1, 5",1,0,0,0,1,0,3,"2, 4",2,4,3,1,4,3,1,1,4,1,1,1,1,0,0,0,1,21,10,4,4,2,1,10,1,1,0.35,0.25,0.525,0.641666667
364,365,3,2,0,1,0,0,0,0,2,2,1,5,3,3,4,4,4,3,3,3,1,1,0,0,0,1,0,18,8,0,1,1,4,8,3,1,0.55,0,0.5625,0.7875
365,366,2,"1, 2",1,1,0,0,0,0,2,"1, 3, 4",3,3,5,3,1,3,3,3,2,3,2,1,0,0,0,0,0,29,10,4,7,2,1,10,1,4,0.45,0.25,0.6375,0.6125
366,367,2,2,0,1,0,0,0,0,2,1,1,3,3,2,5,2,3,2,3,2,2,1,1,0,0,0,0,29,10,4,7,2,1,10,1,1,0.45,0.25,0.5625,0.520833333
367,368,1,"1, 2, 4, 5",1,1,0,1,1,0,2,"2, 3, 4",3,5,5,4,5,4,5,4,4,4,1,1,1,0,0,0,0,23,10,4,1,1,1,10,1,1,0.7,1,0.8875,0.895833333
368,369,2,"1, 2, 5",1,1,0,0,1,0,3,"1, 2, 3, 4",4,5,5,5,5,5,5,5,5,3,1,1,1,1,1,1,1,27,13,4,5,2,3,7,2,4,0.7,0.75,1,1
369,370,2,"1, 2, 5",1,1,0,0,1,0,4,"2, 3",2,3,5,1,4,2,2,1,3,3,2,1,0,1,1,1,0,21,9,4,1,1,4,9,3,1,0.45,0,0.625,0.541666667
370,371,2,"1, 2, 3, 4, 5",1,1,1,1,1,0,1,"1, 2, 3, 4",4,5,5,2,5,2,5,4,3,2,1,1,0,0,0,,0,17,8,3,1,1,1,8,3,1,0.55,0,0.85,0.75
371,372,2,"1, 4, 5",1,0,0,1,1,0,2,"1, 2, 3, 4",4,5,1,1,1,2,2,4,1,5,1,1,0,0,0,,0,28,10,5,7,1,1,10,1,1,0.45,0.5,0.4,0.6
372,373,3,6,0,0,0,0,0,1,1,2,1,5,5,1,5,3,3,5,5,3,2,1,1,0,0,1,0,23,7,4,1,1,3,7,2,1,0.6,0.5,0.6125,0.7375
373,374,2,"1, 2, 5",1,1,0,0,1,0,2,"2, 3",2,5,5,3,5,4,4,4,4,2,2,1,1,0,0,1,0,33,13,5,5,2,1,13,1,1,0.55,0,0.775,0.858333333
374,375,3,"1, 2, 5, 6",1,1,0,0,1,1,3,3,1,4,5,2,4,5,2,1,4,2,2,1,0,0,0,,0,28,10,4,4,3,1,13,1,1,0.45,0,0.6125,0.804166667
375,376,2,"1, 2, 5",1,1,0,0,1,0,2,"2, 4",2,4,4,1,4,1,1,1,1,1,2,1,0,0,0,,0,29,10,5,5,2,4,10,3,1,0.2,0.5,0.575,0.525
376,377,3,"1, 3, 5, 6",1,0,1,0,1,1,3,"1, 2",2,5,4,4,5,4,3,2,5,5,1,1,1,0,0,1,0,28,7,4,5,2,3,7,2,1,0.7,0.5,0.775,0.858333333
377,378,3,"1, 2, 5, 6",1,1,0,0,1,1,3,"1, 2, 3, 4",4,5,5,3,5,5,1,4,5,5,1,1,1,1,0,,1,40,8,6,5,2,1,13,1,1,0.6,0,0.9,0.966666667
378,379,3,2,0,1,0,0,0,0,1,1,1,3,5,1,3,3,1,1,3,1,2,1,0,0,0,,0,26,7,4,3,1,3,7,2,1,0.3,0,0.5125,0.570833333
379,380,2,"1, 2, 5",1,1,0,0,1,0,3,"2, 3",2,4,5,3,4,2,4,3,3,3,2,1,0,0,0,,0,23,8,4,5,2,3,8,3,1,0.55,0.25,0.725,0.641666667
380,381,2,"1, 2",1,1,0,0,0,0,1,2,1,5,5,1,5,4,4,3,4,3,1,1,1,0,0,0,0,33,8,4,5,2,4,8,3,1,0.6,0.25,0.6125,0.804166667
381,382,3,"2, 6",0,1,0,0,0,1,1,2,1,5,5,5,5,4,4,3,5,5,2,1,0,0,0,1,1,35,8,5,7,4,4,8,3,1,0.75,0.5,0.8125,0.870833333
382,383,3,"1, 2, 4, 6",1,1,0,1,0,1,2,"1, 2, 3, 4",4,4,3,1,3,5,4,3,4,3,1,1,1,0,0,1,0,28,10,4,5,2,1,10,1,1,0.6,0.5,0.6,0.8
383,384,3,"1, 2, 3, 4, 5, 6",1,1,1,1,1,1,2,"1, 2, 3, 4",4,5,5,5,5,5,5,5,5,5,1,1,1,0,0,1,1,28,10,4,4,3,1,10,1,1,0.8,0.5,1,1
384,385,2,"1, 2, 5, 6",1,1,0,0,1,1,3,2,1,5,4,1,4,4,3,3,3,1,1,1,1,0,0,1,0,28,8,5,5,2,3,8,1,1,0.4,0.5,0.5125,0.770833333
385,386,3,"1, 2",1,1,0,0,0,0,1,4,1,5,5,3,5,3,3,4,4,4,1,1,1,0,0,1,0,38,7,4,4,2,1,7,1,4,0.6,0.25,0.7125,0.770833333
386,387,2,"1, 2, 4, 5, 6",1,1,0,1,1,1,3,"1, 2",2,5,5,4,5,5,4,5,5,4,3,1,1,0,0,,0,35,14,4,3,4,1,13,1,1,0.7,0.25,0.825,0.941666667
387,388,2,"1, 2, 5",1,1,0,0,1,0,3,2,1,3,4,3,4,2,3,3,3,3,2,1,1,0,0,0,0,40,8,6,5,2,3,8,1,1,0.5,0.25,0.6125,0.5375
388,389,2,"1, 2, 4",1,1,0,1,0,0,3,"1, 2, 3, 4",4,5,5,5,4,4,5,5,4,4,3,1,1,0,0,,1,28,10,4,5,2,2,10,,4,0.7,0.5,0.95,0.916666667
389,390,2,"1, 2, 3, 4, 5, 6",1,1,1,1,1,1,2,"1, 2, 4",3,5,5,1,5,5,4,5,5,4,3,1,1,0,0,1,1,32,10,4,5,2,3,8,1,1,0.7,0.75,0.7375,0.9125
390,391,3,"5, 6",0,0,0,0,1,1,3,"1, 2, 3",3,4,4,4,4,4,4,3,5,4,3,1,1,0,1,1,0,23,9,4,1,1,4,9,3,1,0.7,0,0.7875,0.795833333
391,392,2,2,0,1,0,0,0,0,2,3,1,3,5,2,2,2,4,2,1,1,2,1,0,0,0,0,0,24,13,4,7,2,3,7,2,2,0.35,0.5,0.5125,0.504166667
392,393,3,4,0,0,0,1,0,0,1,3,1,5,3,3,5,5,3,3,4,3,2,1,0,0,1,1,0,19,8,0,1,1,4,8,3,1,0.55,0.25,0.6125,0.870833333
393,394,2,1,1,0,0,0,0,0,4,1,1,5,5,4,5,4,4,4,5,4,2,1,0,0,0,1,1,43,9,3,7,2,1,9,1,1,0.7,0.25,0.7625,0.854166667
394,395,2,"1, 6",1,0,0,0,0,1,1,"3, 4",2,4,4,3,4,5,4,1,4,3,1,1,1,0,0,0,0,49,10,4,7,1,1,10,1,1,0.6,0,0.675,0.825
395,396,2,"1, 2",1,1,0,0,0,0,1,"1, 4",2,4,4,3,4,5,4,4,3,3,1,1,0,0,0,0,0,27,10,4,4,2,1,10,1,1,0.55,0.5,0.675,0.825
396,397,3,"1, 2, 4, 5",1,1,0,1,1,0,2,"1, 2, 4",3,4,4,1,4,1,4,1,4,3,2,1,1,0,0,1,0,26,11,4,5,2,3,7,2,1,0.6,0,0.6375,0.545833333
397,398,2,"1, 2",1,1,0,0,0,0,2,"2, 4",2,4,4,3,4,5,4,4,3,3,1,1,0,0,0,0,0,24,10,0,1,1,1,10,1,1,0.55,0.25,0.675,0.825
398,399,2,"2, 6",0,1,0,0,0,1,3,"2, 3, 4",3,3,3,4,4,4,3,3,3,1,2,1,1,0,0,0,0,21,9,0,1,1,3,9,2,1,0.4,0,0.7375,0.7125
399,400,2,"1, 2, 5, 6",1,1,0,0,1,1,1,"1, 3",2,3,5,2,3,5,3,1,3,1,2,1,0,0,0,,0,30,10,4,4,3,1,10,1,1,0.4,0.25,0.625,0.741666667
400,401,2,"1, 2, 4, 5, 6",1,1,0,1,1,1,2,"2, 3, 4",3,5,5,4,5,4,4,4,4,4,3,1,0,0,0,1,0,21,10,4,4,2,1,10,1,1,0.65,0,0.8875,0.895833333
401,402,1,"1, 2, 3, 5",1,1,1,0,1,0,1,"1, 2, 3, 4",4,4,4,4,5,1,1,1,4,1,1,1,0,0,0,,1,42,10,4,5,2,1,7,2,4,0.35,0,0.9,0.633333333
402,403,2,"1, 2, 6",1,1,0,0,0,1,2,2,1,4,4,4,4,4,2,2,2,2,2,1,0,0,0,0,0,24,7,4,4,3,3,7,4,1,0.35,0.75,0.6625,0.754166667
403,404,3,5,0,0,0,0,1,0,3,3,1,4,4,4,3,3,3,3,4,3,2,1,1,0,1,1,1,21,7,0,1,1,1,7,4,3,0.55,0.25,0.6125,0.670833333
404,405,2,6,0,0,0,0,0,1,4,"2, 3",2,5,5,1,5,5,1,4,5,5,1,1,1,0,0,0,0,23,10,5,1,1,1,10,1,1,0.6,0.25,0.675,0.891666667
405,406,3,"2, 6",0,1,0,0,0,1,4,"1, 3",2,4,5,3,5,4,5,5,4,3,2,1,0,0,0,1,0,21,10,4,7,1,1,10,1,1,0.65,0,0.775,0.791666667
406,407,3,"1, 2, 5",1,1,0,0,1,0,2,"2, 3, 4",3,4,4,4,4,4,4,2,3,2,1,1,0,0,0,,0,23,10,4,1,1,1,10,1,1,0.5,0.5,0.7875,0.795833333
407,408,2,"1, 2, 4, 5, 6",1,1,0,1,1,1,3,"1, 2, 3, 4",4,3,3,3,4,4,4,3,4,3,"1, 4",2,1,0,0,1,0,26,10,5,5,2,4,10,3,1,0.65,0.5,0.75,0.716666667
408,409,2,"1, 2, 6",1,1,0,0,0,1,2,"1, 2, 3, 4",4,4,5,1,4,3,4,3,4,1,1,1,1,0,0,1,0,27,10,5,4,4,1,10,1,1,0.5,0.5,0.75,0.716666667
409,410,2,"1, 5",1,0,0,0,1,0,1,4,1,4,4,1,5,1,1,4,5,4,3,1,1,1,0,,0,38,11,4,5,2,1,10,1,1,0.55,0.25,0.5625,0.520833333
410,411,3,"1, 2, 4, 5, 6",1,1,0,1,1,1,3,"1, 2, 3, 4",4,5,4,1,5,5,4,3,2,5,4,1,1,0,0,0,0,35,4,6,5,2,3,9,1,4,0.6,0.5,0.75,0.916666667
411,412,3,"1, 2, 5",1,1,0,0,1,0,3,"1, 2, 3, 4",4,5,5,3,5,1,3,2,5,5,1,1,1,0,0,1,0,25,7,4,5,2,3,7,2,1,0.7,0.25,0.9,0.7
412,413,2,"1, 5",1,0,0,0,1,0,1,"1, 2",2,5,5,5,5,4,2,3,4,3,3,1,1,0,0,0,0,28,9,5,5,2,4,7,2,2,0.5,0,0.875,0.891666667
413,414,2,"1, 2, 5",1,1,0,0,1,0,2,"1, 2, 4",3,3,4,2,5,3,2,3,3,3,1,1,0,0,0,0,0,33,9,4,5,2,3,8,1,1,0.45,0,0.7375,0.645833333
414,415,1,"1, 2, 5",1,1,0,0,1,0,2,"1, 2, 3, 4",4,5,4,3,5,3,2,3,3,2,1,1,0,0,0,,1,61,13,5,4,2,1,13,1,1,0.4,0.25,0.85,0.816666667
415,416,3,"1, 2, 5",1,1,0,0,1,0,3,"1, 4",2,4,4,1,5,3,4,4,5,4,3,1,1,0,0,,0,29,10,4,7,3,3,10,1,4,0.7,0.75,0.625,0.675
416,417,2,"1, 5",1,0,0,0,1,0,2,2,1,5,4,4,5,3,4,3,4,3,1,1,1,1,0,1,0,25,9,5,1,2,4,9,3,1,0.6,0,0.7125,0.770833333
417,418,1,"1, 2",1,1,0,0,0,0,2,"2, 4",2,1,4,3,3,4,4,4,3,3,2,1,0,0,0,,0,35,8,4,5,2,3,8,1,1,0.55,0.25,0.625,0.541666667
418,419,2,"1, 5",1,0,0,0,1,0,2,"1, 2, 3",3,5,5,5,5,3,4,4,4,3,3,1,0,0,0,1,0,29,1,4,4,2,1,13,1,1,0.6,0.5,0.9375,0.845833333
419,420,1,2,0,1,0,0,0,0,2,"2, 3, 4",3,4,4,1,4,3,2,2,3,4,2,1,1,0,0,1,0,46,7,5,5,2,1,7,1,1,0.5,0,0.6375,0.679166667
420,421,2,1,1,0,0,0,0,0,2,4,1,4,4,4,4,3,4,4,3,1,2,1,0,0,0,0,1,29,10,4,4,3,2,10,1,1,0.45,0,0.6625,0.6875
421,422,2,6,0,0,0,0,0,1,2,"1, 4",2,3,4,2,5,5,4,1,3,1,2,1,0,0,0,0,0,26,7,4,5,2,3,7,2,1,0.45,0,0.675,0.758333333
422,423,2,6,0,0,0,0,0,1,1,1,1,4,4,1,3,4,4,3,3,1,2,1,0,0,0,0,1,27,14,4,5,2,3,14,1,1,0.45,0,0.4625,0.6875
423,424,3,2,0,1,0,0,0,0,3,2,1,5,5,5,4,4,2,4,4,3,1,1,0,0,0,0,0,28,8,4,4,4,5,15,1,1,0.5,0,0.7625,0.854166667
424,425,1,2,0,1,0,0,0,0,2,2,1,1,5,1,1,1,1,1,1,1,2,1,0,0,0,0,0,45,10,4,5,2,1,10,1,4,0.2,0.5,0.4125,0.270833333
425,426,3,"1, 2, 4, 5, 6",1,1,0,1,1,1,2,"1, 2, 3, 4",4,3,2,2,5,4,4,4,5,5,3,1,1,0,0,1,0,28,10,4,5,2,3,10,3,2,0.75,0.25,0.7,0.7
426,427,2,"1, 5, 6",1,0,0,0,1,1,2,"3, 4",2,3,4,1,5,4,1,4,3,1,1,1,1,0,0,0,1,23,9,4,4,2,1,10,3,4,0.3,0.25,0.625,0.675
427,428,2,"1, 2",1,1,0,0,0,0,2,1,1,5,5,5,5,4,4,4,5,5,3,1,0,0,0,1,0,50,8,4,7,3,4,8,3,3,0.75,1,0.8125,0.870833333
428,429,2,"1, 2, 5, 6",1,1,0,0,1,1,2,"1, 2, 3, 4",4,4,4,2,5,5,4,5,5,5,4,1,1,1,1,1,1,29,4,4,4,2,3,4,2,3,0.75,0.25,0.8,0.866666667
429,430,2,"1, 4, 5",1,0,0,1,1,0,1,"1, 2, 3, 4",4,5,3,1,3,4,3,3,4,5,1,1,1,0,0,0,0,30,10,4,4,2,1,10,1,1,0.65,0.25,0.6,0.8
430,431,3,5,0,0,0,0,1,0,3,2,1,3,3,4,3,3,3,3,5,3,2,1,1,0,0,,0,29,8,5,3,1,1,13,1,1,0.6,0.25,0.5625,0.5875
431,432,2,"1, 2, 5",1,1,0,0,1,0,1,"2, 3",2,4,5,2,3,1,3,1,1,1,2,1,1,0,0,0,0,39,9,5,5,2,3,9,1,1,0.3,0.5,0.625,0.541666667
432,433,3,5,0,0,0,0,1,0,2,1,1,5,4,3,5,2,5,3,5,5,1,1,1,1,0,0,0,23,10,4,7,2,1,10,1,4,0.8,0.25,0.6625,0.6875
433,434,2,2,0,1,0,0,0,0,4,1,1,5,5,5,5,4,4,5,4,4,2,1,0,0,0,1,0,33,8,4,5,2,3,8,1,1,0.65,0.25,0.8125,0.870833333
434,435,2,"1, 2, 4, 5",1,1,0,1,1,0,1,2,1,5,3,1,5,3,4,4,5,4,1,1,1,0,0,,1,40,1,4,7,2,3,1,2,4,0.7,0.25,0.5125,0.704166667
435,436,2,"1, 2, 5, 6",1,1,0,0,1,1,3,"1, 2, 3, 4",4,5,5,1,5,5,5,5,5,4,1,1,1,0,0,,0,27,10,5,5,2,1,10,1,1,0.75,0,0.8,0.933333333
436,437,3,"1, 2, 4, 5",1,1,0,1,1,0,1,"1, 2, 3",3,4,4,4,4,3,3,2,3,3,1,1,0,0,0,,0,28,8,4,3,1,1,13,1,1,0.5,0.25,0.7875,0.729166667
437,438,2,"1, 2, 4",1,1,0,1,0,0,3,1,1,4,3,2,3,2,2,3,3,3,2,1,0,0,0,1,0,23,10,4,7,1,3,10,1,1,0.45,0,0.4625,0.554166667
438,439,3,"1, 2, 3, 4, 5, 6",1,1,1,1,1,1,3,"1, 2, 3, 4",4,4,4,4,4,5,4,3,4,3,1,1,0,0,0,,0,27,11,5,5,2,4,11,3,1,0.6,0.25,0.85,0.883333333
439,440,2,"1, 2, 5",1,1,0,0,1,0,4,"1, 2, 3, 4",4,5,5,1,4,4,4,5,4,4,1,1,0,0,0,1,0,25,10,3,4,1,1,10,1,1,0.65,0.5,0.75,0.85
440,441,3,5,0,0,0,0,1,0,1,3,1,5,4,1,3,2,3,3,4,3,1,1,1,0,0,1,1,21,10,3,3,1,4,10,3,1,0.55,0.75,0.4625,0.620833333
441,442,2,"1, 2",1,1,0,0,0,0,3,"3, 4",2,5,5,3,5,3,3,3,5,3,3,1,1,0,1,1,1,45,10,4,7,2,1,10,1,1,0.6,0.25,0.775,0.791666667
442,443,3,"4, 5",0,0,0,1,1,0,1,"1, 2, 3",3,3,3,1,5,4,3,4,4,1,1,1,1,0,0,,0,18,10,0,1,1,1,10,1,1,0.45,0.25,0.6375,0.679166667
443,444,3,2,0,1,0,0,0,0,3,1,1,5,5,4,5,4,5,5,5,4,3,1,1,0,0,0,0,24,10,5,7,5,3,10,1,4,0.75,0,0.7625,0.854166667
444,445,2,"1, 2, 3, 4, 5, 6",1,1,1,1,1,1,1,"2, 3",2,5,5,1,4,5,4,3,4,3,2,1,0,0,0,0,1,23,10,4,3,1,1,10,1,1,0.6,0,0.625,0.875
445,446,2,2,0,1,0,0,0,0,1,3,1,4,4,4,5,2,4,3,4,3,2,1,0,0,0,,0,29,10,4,7,2,1,10,1,1,0.6,0.25,0.7125,0.6375
446,447,2,5,0,0,0,0,1,0,2,3,1,4,4,4,4,3,4,4,4,4,2,1,1,0,0,,0,21,13,3,4,2,1,13,1,1,0.65,0.25,0.6625,0.6875
447,448,2,"1, 2, 4, 5",1,1,0,1,1,0,3,3,1,3,5,5,5,4,5,5,5,5,1,1,0,0,0,1,0,23,10,4,4,2,1,10,1,1,0.8,0,0.8125,0.7375
448,449,3,6,0,0,0,0,0,1,2,3,1,1,4,1,1,5,1,1,1,1,1,1,0,0,0,,0,34,14,4,5,2,3,7,2,3,0.2,0.25,0.3625,0.520833333
449,450,2,"1, 2, 4, 5, 6",1,1,0,1,1,1,3,"1, 2, 3, 4",4,4,4,3,4,3,3,3,3,2,1,1,1,0,0,,0,28,10,5,5,2,3,10,3,4,0.45,0,0.8,0.733333333
450,451,3,"1, 2, 5",1,1,0,0,1,0,2,"2, 3",2,3,5,2,4,3,3,2,4,1,2,1,0,0,0,,0,22,9,0,1,1,4,9,3,1,0.45,0,0.675,0.625
451,452,2,"1, 2",1,1,0,0,0,0,2,"1, 2, 3",3,3,4,1,2,3,3,3,2,1,2,1,0,0,0,0,0,29,8,4,4,5,5,8,,1,0.35,0.25,0.5375,0.579166667
452,453,3,"1, 2, 6",1,1,0,0,0,1,3,4,1,4,4,1,5,5,5,1,3,1,2,1,1,0,0,,0,24,9,4,4,2,3,13,1,1,0.5,0,0.5625,0.7875
453,454,3,4,0,0,0,1,0,0,2,"2, 3",2,5,5,5,5,3,5,5,5,3,1,1,0,0,0,,1,16,12,3,1,1,3,12,1,1,0.7,1,0.875,0.825
454,455,3,"1, 5",1,0,0,0,1,0,3,"1, 2, 3, 4",4,5,3,1,4,3,2,4,3,2,3,1,1,1,1,1,1,30,13,3,7,4,1,13,1,3,0.4,0,0.65,0.75
455,456,2,2,0,1,0,0,0,0,3,1,1,4,4,4,3,4,3,2,1,1,2,1,0,0,0,0,0,28,10,4,7,2,3,10,3,1,0.3,0.75,0.6125,0.7375
456,457,2,"1, 2, 4, 5, 6",1,1,0,1,1,1,2,"1, 2, 4",3,5,4,1,4,1,1,3,4,4,1,1,1,0,1,1,0,24,8,4,1,2,1,10,1,1,0.5,0.5,0.6375,0.6125
457,458,2,"1, 2, 3, 4, 5, 6",1,1,1,1,1,1,3,"1, 2, 3, 4",4,5,4,3,4,5,5,5,4,3,1,1,1,0,0,1,1,20,13,5,7,5,1,13,1,1,0.65,0.25,0.8,0.933333333
458,459,2,"1, 5",1,0,0,0,1,0,3,"2, 3, 4",3,5,2,2,4,4,2,4,4,3,1,1,1,0,0,,1,23,10,4,1,1,1,10,,1,0.5,0,0.5875,0.795833333
459,460,1,1,1,0,0,0,0,0,2,"1, 2",2,5,4,3,3,1,1,3,3,3,2,1,0,0,0,0,1,24,10,4,4,2,1,10,1,4,0.4,0.75,0.625,0.608333333
460,461,3,"1, 2, 3, 4, 5",1,1,1,1,1,0,4,"1, 2, 3, 4",4,5,5,5,5,5,5,5,5,5,3,1,1,1,0,1,1,31,10,3,7,5,1,10,1,1,0.8,0.75,1,1
461,462,3,"1, 2, 3, 4, 5",1,1,1,1,1,0,4,"1, 2, 3, 4",4,5,5,5,5,5,5,5,5,5,3,1,1,1,0,1,1,31,10,3,7,5,1,10,1,1,0.8,0.25,1,1
462,463,1,"1, 2",1,1,0,0,0,0,1,"1, 2",2,3,5,1,4,5,3,4,3,1,2,1,0,0,0,1,0,40,13,5,5,2,2,13,1,1,0.4,0.5,0.625,0.741666667
463,464,1,1,1,0,0,0,0,0,3,2,1,5,4,1,4,1,4,4,5,5,3,1,1,0,0,1,1,29,10,4,5,2,4,10,3,1,0.75,0.25,0.5125,0.570833333
464,465,1,"1, 2, 5",1,1,0,0,1,0,1,"2, 4",2,5,5,1,5,2,3,4,4,4,2,1,1,0,0,0,0,47,7,6,5,3,2,10,1,1,0.6,0.25,0.675,0.691666667
465,466,2,"1, 2, 6",1,1,0,0,0,1,2,"1, 2, 4",3,4,4,1,5,4,2,1,3,1,1,1,1,0,0,,1,38,10,5,4,3,1,10,1,1,0.35,0,0.6875,0.7625
466,467,1,1,1,0,0,0,0,0,2,"2, 3",2,3,4,3,5,3,3,3,4,4,2,1,0,0,0,0,0,30,13,3,2,1,1,13,1,4,0.6,0,0.725,0.641666667
467,468,2,"1, 2",1,1,0,0,0,0,2,4,1,5,5,4,5,2,2,4,4,4,3,1,0,0,0,,1,64,9,4,4,4,5,13,1,1,0.55,0.25,0.7625,0.720833333
468,469,2,6,0,0,0,0,0,1,2,"1, 2, 3, 4",4,4,4,4,4,4,4,4,4,4,3,1,1,0,0,,1,29,10,4,4,2,1,10,1,1,0.65,1,0.85,0.816666667
469,470,3,"1, 2, 5, 6",1,1,0,0,1,1,3,"1, 2, 3",3,5,5,2,5,5,3,3,5,4,1,1,1,1,1,1,0,25,10,4,4,2,1,10,1,1,0.65,1,0.7875,0.929166667
470,471,2,"1, 6",1,0,0,0,0,1,3,"3, 4",2,5,5,4,5,5,2,5,5,1,1,1,1,1,1,1,1,20,13,3,1,1,1,13,1,1,0.45,0.75,0.825,0.941666667
471,472,2,"1, 2, 3, 4, 5, 6",1,1,1,1,1,1,2,"2, 3, 4",3,4,4,3,4,4,2,3,4,5,1,1,1,1,0,1,1,20,8,0,1,1,3,8,1,1,0.6,0.25,0.7375,0.779166667
472,473,2,"1, 2, 3, 4, 5",1,1,1,1,1,0,4,"2, 3, 4",3,4,5,4,5,5,4,3,4,4,2,1,1,0,0,,0,36,10,6,5,2,1,10,1,1,0.65,1,0.8875,0.895833333
473,474,3,"4, 6",0,0,0,1,0,1,4,4,1,5,5,4,5,5,3,4,5,4,1,1,1,1,1,1,0,18,7,0,1,1,1,10,1,1,0.65,0.25,0.7625,0.920833333
474,475,3,5,0,0,0,0,1,0,3,1,1,5,5,1,5,5,1,5,1,4,"1, 3",2,0,0,0,1,0,24,8,4,4,3,3,8,3,1,0.4,0,0.6125,0.870833333
475,476,2,6,0,0,0,0,0,1,2,"1, 2, 3",3,5,4,4,5,4,5,5,4,1,1,1,0,0,0,,0,18,10,3,1,1,1,10,1,2,0.55,0.5,0.8375,0.879166667
476,477,3,"1, 2, 5, 6",1,1,0,0,1,1,3,"1, 2, 3, 4",4,5,5,4,5,5,1,5,5,4,2,1,1,0,0,1,1,21,11,4,4,5,5,11,3,1,0.55,1,0.95,0.983333333
477,478,2,1,1,0,0,0,0,0,4,3,1,5,4,1,5,5,4,5,5,5,3,1,1,1,1,1,0,49,9,4,2,1,3,9,1,1,0.75,0.75,0.5625,0.854166667
478,479,3,"1, 2, 4, 5",1,1,0,1,1,0,4,"2, 3",2,3,4,3,4,3,5,4,5,4,3,1,1,0,1,1,1,20,8,4,1,5,4,8,3,1,0.75,0.75,0.675,0.625
479,480,3,"1, 2, 4, 5, 6",1,1,0,1,1,1,2,"1, 2, 3, 4",4,4,4,1,4,4,4,4,2,4,"1, 3",2,1,0,1,1,0,23,9,4,4,3,1,13,1,1,0.6,0.25,0.7,0.766666667
480,481,3,"1, 2, 4, 5",1,1,0,1,1,0,3,"1, 2, 3, 4",4,5,4,1,5,4,4,3,5,4,2,1,0,0,0,1,0,30,9,4,4,3,1,13,1,1,0.7,0,0.75,0.85
481,482,3,"1, 2, 4",1,1,0,1,0,0,3,"1, 2, 3, 4",4,4,5,3,3,5,4,3,4,3,1,1,0,0,0,0,1,21,11,3,5,1,2,11,1,1,0.6,0.25,0.8,0.866666667
482,483,2,"1, 2",1,1,0,0,0,0,1,"1, 2, 4",3,5,4,4,4,4,4,5,5,4,1,1,1,0,0,,0,45,9,4,5,2,4,10,3,1,0.7,0,0.7875,0.8625
483,484,3,"1, 2, 4, 5, 6",1,1,0,1,1,1,2,"2, 3, 4",3,3,3,3,3,3,4,2,3,1,1,1,0,0,0,,0,19,10,0,1,1,1,10,1,1,0.45,0.75,0.6375,0.6125
484,485,2,4,0,0,0,1,0,0,2,"1, 2, 3",3,3,5,5,5,5,5,5,3,3,2,1,1,0,1,1,0,21,10,0,1,2,3,10,1,1,0.6,1,0.9375,0.845833333
485,486,1,"2, 4",0,1,0,1,0,0,3,"1, 2, 3, 4",4,2,4,4,2,4,4,5,2,5,3,1,1,1,1,1,0,33,13,4,4,4,5,15,,1,0.6,0.25,0.75,0.65
486,487,2,5,0,0,0,0,1,0,4,2,1,4,4,4,5,4,1,4,4,4,1,1,1,0,0,,1,62,10,4,7,3,1,10,1,1,0.5,0.5,0.7125,0.770833333
487,488,3,"1, 2, 6",1,1,0,0,0,1,2,"1, 2, 3, 4",4,3,4,1,4,5,4,5,5,5,1,1,1,0,0,1,0,21,8,0,1,1,3,8,1,4,0.75,1,0.7,0.766666667
488,489,3,"1, 2, 3, 4, 5, 6",1,1,1,1,1,1,3,"1, 2, 4",3,3,3,3,3,3,4,3,3,3,3,1,1,1,1,1,1,35,8,4,4,2,1,8,1,1,0.55,1,0.6375,0.6125
489,490,2,"1, 2, 3, 4, 5, 6",1,1,1,1,1,1,4,"2, 3, 4",3,5,5,5,5,5,5,5,5,5,1,1,1,1,1,1,1,25,8,3,1,1,1,8,1,1,0.8,0.25,0.9375,0.979166667
490,491,3,"1, 2, 4, 5, 6",1,1,0,1,1,1,3,"1, 2, 3",3,3,4,3,5,5,5,1,2,2,2,1,1,0,0,,0,20,7,4,1,1,1,7,2,1,0.5,0.25,0.7875,0.795833333
491,492,3,2,0,1,0,0,0,0,4,3,1,5,5,4,4,5,4,5,4,5,1,1,1,0,0,0,1,23,8,4,1,1,4,8,4,1,0.7,0.25,0.7125,0.904166667
492,493,3,"2, 4, 6",0,1,0,1,0,1,1,"2, 4",2,4,5,3,5,5,5,5,5,5,3,1,1,0,0,0,1,16,13,3,1,1,1,13,1,4,0.8,0,0.775,0.858333333
493,494,3,"1, 6",1,0,0,0,0,1,1,3,1,5,5,4,5,5,5,1,2,1,1,1,0,0,0,0,1,28,13,4,4,2,1,13,1,1,0.45,0.25,0.7625,0.920833333
494,495,2,5,0,0,0,0,1,0,2,2,1,5,5,5,5,5,5,1,3,3,2,1,1,0,0,0,1,18,10,3,1,1,1,10,1,1,0.6,0.25,0.8125,0.9375
495,496,1,5,0,0,0,0,1,0,2,2,1,5,5,5,5,5,5,1,3,3,2,1,1,0,0,0,1,18,10,3,1,1,1,10,1,1,0.6,0.25,0.8125,0.9375
496,497,3,"2, 3, 5, 6",0,1,1,0,1,1,4,"1, 2, 3",3,3,5,4,3,5,4,4,2,3,2,1,1,0,0,,0,20,13,4,1,1,1,13,1,1,0.5,0,0.7875,0.795833333
497,498,2,"5, 6",0,0,0,0,1,1,1,2,1,3,1,1,5,5,1,1,4,1,1,1,0,0,0,,1,17,3,3,2,1,3,3,2,1,0.35,0.25,0.4125,0.670833333
498,499,2,"1, 2, 5, 6",1,1,0,0,1,1,3,"2, 3",2,4,4,4,4,4,3,4,4,3,1,1,1,0,0,0,0,26,9,5,5,2,3,9,1,1,0.55,0.75,0.725,0.775
499,500,1,1,1,0,0,0,0,0,2,4,1,4,4,3,4,1,4,4,4,4,2,1,1,0,1,1,0,40,9,5,5,2,3,8,1,1,0.65,0.25,0.6125,0.5375
500,501,2,"1, 2, 3, 4, 5",1,1,1,1,1,0,3,"2, 3, 4",3,5,5,4,5,4,4,4,5,5,1,1,1,0,0,,1,55,8,4,5,2,4,8,3,1,0.75,0.5,0.8875,0.895833333
501,502,2,"2, 5, 6",0,1,0,0,1,1,3,"1, 2, 3",3,3,5,2,3,5,1,1,3,4,2,1,0,0,1,1,0,23,13,4,1,2,1,10,1,1,0.45,0.25,0.6875,0.7625
502,503,2,"1, 5, 6",1,0,0,0,1,1,3,"2, 3, 4",3,4,4,3,5,4,3,4,4,4,4,1,1,0,0,,0,21,13,3,1,1,1,13,1,1,0.6,0.75,0.7875,0.795833333
503,504,3,1,1,0,0,0,0,0,2,2,1,5,5,5,5,4,4,5,5,5,1,1,1,0,1,1,1,40,10,5,1,2,1,13,1,4,0.75,1,0.8125,0.870833333
504,505,2,"1, 2, 5",1,1,0,0,1,0,3,"2, 3, 4",3,5,4,1,4,5,2,1,4,4,4,1,1,1,1,1,0,27,8,4,5,2,3,2,2,1,0.55,0.5,0.6375,0.879166667
505,506,1,"1, 2, 5, 6",1,1,0,0,1,1,1,"1, 3, 4",3,4,4,1,5,4,1,2,4,3,1,1,1,1,0,,1,58,9,3,7,5,3,9,1,1,0.45,0.5,0.6875,0.7625
506,507,2,"1, 2, 4, 5, 6",1,1,0,1,1,1,2,"2, 3",2,4,4,3,3,5,5,4,4,5,3,1,1,1,0,0,0,18,5,3,1,1,3,5,2,1,0.75,0.5,0.625,0.808333333
507,508,2,"1, 2",1,1,0,0,0,0,2,2,1,4,4,2,4,4,4,4,4,5,"1, 2",2,1,0,0,1,1,38,8,5,5,2,1,10,3,1,0.75,0,0.5625,0.720833333
508,509,2,"1, 2, 5",1,1,0,0,1,0,3,"1, 2, 3, 4",4,1,5,1,4,4,3,4,4,4,2,1,0,0,0,,1,39,10,4,5,2,1,13,1,1,0.6,0.75,0.75,0.583333333
509,510,3,"1, 2, 4, 5, 6",1,1,0,1,1,1,1,3,1,5,5,1,5,5,5,4,5,4,2,1,1,1,1,,0,29,10,4,4,2,1,10,1,1,0.75,0.25,0.6125,0.870833333
510,511,2,"1, 2, 5",1,1,0,0,1,0,3,"1, 2",2,5,5,4,5,2,2,5,5,1,1,1,1,0,0,,0,55,1,4,7,4,1,13,1,1,0.45,0.25,0.825,0.741666667
511,512,3,"1, 2",1,1,0,0,0,0,2,1,1,5,3,1,5,3,4,3,5,4,1,1,1,0,0,,1,50,10,4,7,3,1,10,1,1,0.7,1,0.5125,0.704166667
512,513,3,"1, 4, 5",1,0,0,1,1,0,4,"1, 2, 4",3,4,3,2,5,2,4,3,4,4,3,1,1,1,1,1,1,28,11,3,7,2,3,11,1,1,0.65,0.25,0.6875,0.629166667
513,514,2,"1, 2, 4",1,1,0,1,0,0,2,"1, 2, 3, 4",4,1,4,1,3,3,3,1,1,1,2,1,1,0,0,,0,33,10,4,5,2,1,10,1,1,0.3,0,0.65,0.483333333
514,515,3,"1, 2, 4, 5, 6",1,1,0,1,1,1,4,"2, 3, 4",3,4,5,4,3,5,5,5,3,3,1,1,0,0,0,0,0,25,3,4,5,2,3,3,2,3,0.6,0.75,0.7875,0.8625
515,516,3,5,0,0,0,0,1,0,2,2,1,4,4,4,5,4,2,2,4,3,2,1,1,0,1,1,0,18,8,0,1,1,4,8,3,1,0.5,0.25,0.7125,0.770833333
516,517,1,1,1,0,0,0,0,0,1,2,1,5,3,1,3,3,1,1,5,1,1,1,0,0,0,1,0,42,13,5,5,2,1,13,1,1,0.4,0.25,0.4125,0.670833333
517,518,2,"1, 2, 5, 6",1,1,0,0,1,1,2,"1, 2, 3",3,5,4,3,5,5,3,4,4,4,1,1,1,0,0,0,1,45,14,5,1,5,5,15,,1,0.6,0.25,0.7875,0.929166667
518,519,2,2,0,1,0,0,0,0,2,3,1,5,5,1,4,5,4,5,5,4,2,1,1,0,0,,0,28,9,4,5,2,4,9,3,1,0.7,0.25,0.5625,0.854166667
519,520,2,"2, 6",0,1,0,0,0,1,2,"1, 3",2,4,4,3,3,5,4,4,2,3,1,1,1,0,0,,0,28,7,4,7,3,1,13,1,1,0.5,0.25,0.625,0.808333333
520,521,3,"1, 2",1,1,0,0,0,0,2,"2, 3",2,4,4,2,4,2,2,3,3,4,2,1,1,0,0,,1,31,9,5,5,2,2,10,2,4,0.5,0.25,0.625,0.608333333
521,522,2,"1, 2, 4, 5",1,1,0,1,1,0,2,"1, 2, 3, 4",4,3,4,2,5,1,1,1,1,1,2,1,1,0,0,,0,27,10,5,1,2,4,10,3,4,0.2,0.75,0.8,0.533333333
522,523,3,"1, 2, 6",1,1,0,0,0,1,3,"1, 2, 3, 4",4,5,5,4,4,4,4,4,4,5,3,1,1,1,0,1,1,42,10,5,5,2,3,10,1,1,0.7,0,0.9,0.9
523,524,1,6,0,0,0,0,0,1,2,2,1,2,2,2,4,2,2,2,3,1,2,1,0,0,0,,0,35,10,4,5,2,3,8,3,1,0.35,0.5,0.4625,0.420833333
524,525,3,"1, 2, 3, 5",1,1,1,0,1,0,1,"1, 2, 3, 4",4,3,2,4,4,4,1,1,5,4,2,1,1,0,0,1,1,47,10,2,3,2,1,13,1,1,0.55,0,0.75,0.716666667
525,526,1,"1, 2, 5",1,1,0,0,1,0,2,1,1,3,4,3,4,3,3,3,3,3,2,1,0,0,0,,1,37,10,4,4,2,3,10,1,1,0.5,0,0.6125,0.604166667
526,527,2,"1, 2, 5, 6",1,1,0,0,1,1,4,"2, 3",2,4,5,5,5,5,5,4,5,3,1,1,0,0,0,,0,28,8,4,1,1,3,8,1,1,0.7,0.25,0.875,0.891666667
527,528,3,6,0,0,0,0,0,1,3,1,1,2,3,3,3,5,3,3,5,3,2,1,0,0,0,1,0,29,10,4,7,2,1,10,1,1,0.6,0.75,0.5125,0.6375
528,529,3,5,0,0,0,0,1,0,2,"1, 2, 3",3,5,5,5,5,3,5,5,5,5,1,1,1,1,0,1,0,23,11,5,1,1,3,11,1,1,0.8,0.25,0.9375,0.845833333
529,530,2,1,1,0,0,0,0,0,3,2,1,5,5,3,4,3,3,4,4,4,3,1,0,1,0,0,0,28,8,4,5,2,1,10,1,1,0.6,0.25,0.6625,0.754166667
530,531,2,1,1,0,0,0,0,0,3,2,1,5,5,4,5,1,4,4,5,5,2,1,1,0,0,0,0,28,10,4,5,2,4,10,3,1,0.75,0.25,0.7625,0.654166667
531,532,2,"1, 6",1,0,0,0,0,1,1,"3, 4",2,3,4,1,4,5,1,3,3,1,1,1,1,0,0,0,1,34,7,4,5,2,3,11,1,4,0.3,0.25,0.575,0.725
532,533,3,"1, 5, 6",1,0,0,0,1,1,1,"1, 2, 3",3,5,1,1,1,3,1,5,3,1,2,1,0,0,1,0,0,29,11,5,4,3,1,13,1,4,0.3,0.25,0.3375,0.645833333
533,534,3,"1, 2, 4, 5, 6",1,1,0,1,1,1,2,"1, 2, 3, 4",4,4,4,3,4,4,3,4,4,4,1,1,0,0,0,1,0,26,8,5,5,2,3,10,1,1,0.6,0.5,0.8,0.8
534,535,2,"1, 2",1,1,0,0,0,0,4,"2, 4",2,4,4,2,4,2,4,4,4,3,1,1,1,0,0,1,1,26,13,4,4,2,3,13,1,1,0.6,0.25,0.625,0.608333333
535,536,3,5,0,0,0,0,1,0,2,3,1,4,4,4,4,4,4,4,4,1,2,1,0,0,0,1,1,32,8,4,5,2,3,10,1,1,0.5,0.25,0.6625,0.754166667
536,537,3,2,0,1,0,0,0,0,3,"1, 2",2,5,5,4,5,4,4,4,4,4,1,1,0,0,0,1,0,24,9,4,5,2,4,9,3,1,0.65,0.25,0.825,0.875
537,538,2,"1, 2, 4",1,1,0,1,0,0,4,"1, 4",2,4,3,4,4,4,4,4,4,5,2,1,1,0,0,,1,46,9,4,7,4,1,10,1,1,0.7,0.5,0.675,0.758333333
538,539,3,"2, 3, 5, 6",0,1,1,0,1,1,3,"1, 2, 3, 4",4,4,5,3,3,4,4,4,3,3,"1, 3",2,1,0,0,1,0,18,8,3,1,1,1,8,1,1,0.6,0.5,0.8,0.8
539,540,3,"1, 2, 4, 5, 6",1,1,0,1,1,1,4,"1, 2, 4",3,4,4,4,4,4,4,3,4,4,3,1,1,1,0,0,0,22,9,0,5,2,4,9,3,1,0.65,0.5,0.7875,0.795833333
540,541,3,"1, 2, 3, 4, 5, 6",1,1,1,1,1,1,4,"1, 2, 3, 4",4,3,3,3,3,3,3,3,4,3,1,1,0,1,0,1,0,36,10,5,5,2,2,10,1,1,0.55,0.5,0.7,0.633333333
541,542,2,"1, 4",1,0,0,1,0,0,3,"1, 2, 4",3,4,4,4,5,4,3,4,4,5,"3, 4",2,1,0,1,0,1,42,13,5,5,3,1,13,1,1,0.7,0,0.8375,0.8125
542,543,1,"1, 2, 4, 6",1,1,0,1,0,1,2,3,1,2,3,3,3,4,4,3,3,3,1,1,0,0,0,,1,30,14,4,4,3,1,13,1,1,0.55,0.25,0.5125,0.570833333
543,544,2,"1, 2, 5, 6",1,1,0,0,1,1,4,"1, 2, 3, 4",4,5,5,4,5,5,4,5,5,4,1,1,1,0,0,,0,23,9,4,5,2,4,9,3,1,0.7,0.5,0.95,0.983333333
544,545,3,"1, 2, 3, 4, 5",1,1,1,1,1,0,3,"1, 2, 3",3,5,4,4,4,4,4,3,4,3,2,1,1,0,0,1,0,22,9,4,1,1,4,9,4,1,0.6,0,0.7875,0.8625
545,546,1,"1, 5",1,0,0,0,1,0,4,"3, 4",2,3,1,1,4,3,3,3,3,3,1,1,0,0,0,,1,40,7,5,7,4,1,7,2,4,0.5,0.25,0.425,0.541666667
546,547,3,"1, 2, 4, 5",1,1,0,1,1,0,3,"1, 2, 3, 4",4,3,5,5,4,3,5,5,3,3,2,1,0,0,0,1,0,27,14,4,5,2,3,14,1,4,0.6,0.25,0.95,0.716666667
547,548,2,"1, 6",1,0,0,0,0,1,3,"1, 2, 3, 4",4,3,4,2,3,3,2,2,3,2,1,1,1,0,0,,0,23,8,4,1,1,1,10,1,1,0.4,0.25,0.7,0.633333333
548,549,3,5,0,0,0,0,1,0,3,3,1,4,4,4,4,4,5,2,3,3,1,1,1,0,0,0,1,27,10,4,5,2,1,10,1,1,0.6,0.25,0.6625,0.754166667
549,550,2,"1, 2, 3",1,1,1,0,0,0,4,"1, 2, 4",3,4,4,4,4,4,4,3,4,3,2,1,1,0,0,0,0,24,9,4,5,2,4,9,3,1,0.6,0.75,0.7875,0.795833333
550,551,2,"1, 2, 3",1,1,1,0,0,0,4,"1, 2, 4",3,4,4,4,4,4,3,3,4,3,2,1,1,1,0,1,0,24,9,4,5,2,4,9,3,1,0.55,0,0.7875,0.795833333
551,552,3,5,0,0,0,0,1,0,4,1,1,4,4,3,4,4,5,3,3,3,1,1,0,0,0,,0,23,7,4,5,2,1,7,1,1,0.6,0.25,0.6125,0.7375
552,553,2,5,0,0,0,0,1,0,1,3,1,4,4,4,4,4,4,4,4,4,1,1,0,0,0,1,0,26,9,5,5,2,3,9,1,1,0.65,0,0.6625,0.754166667
553,554,3,6,0,0,0,0,0,1,2,3,1,4,1,3,3,5,4,3,3,3,1,1,0,0,0,0,0,20,10,0,1,1,1,10,1,2,0.55,0.25,0.4125,0.7375
554,555,3,"1, 2",1,1,0,0,0,0,3,"1, 2, 3",3,4,4,4,4,1,4,4,4,3,3,1,0,0,0,1,0,24,9,4,5,2,4,9,3,1,0.6,0.25,0.7875,0.595833333
555,556,2,"1, 2, 3",1,1,1,0,0,0,4,"1, 2, 4",3,4,4,4,4,4,3,3,4,3,2,1,1,0,0,0,0,24,9,4,5,2,4,9,3,1,0.55,0,0.7875,0.795833333
556,557,3,5,0,0,0,0,1,0,4,1,1,4,4,3,4,4,5,4,4,4,2,1,0,0,0,,0,32,10,5,7,2,1,10,1,1,0.7,1,0.6125,0.7375
557,558,2,5,0,0,0,0,1,0,4,1,1,5,5,4,5,4,5,5,5,5,3,1,1,1,1,1,0,23,9,4,7,2,4,9,3,1,0.8,1,0.7625,0.854166667
558,559,2,4,0,0,0,1,0,0,1,3,1,3,3,4,5,3,5,3,4,3,3,1,1,1,1,1,0,17,14,3,2,1,3,14,1,1,0.65,0.25,0.6625,0.620833333
559,560,3,5,0,0,0,0,1,0,4,3,1,5,5,5,5,3,3,3,5,3,1,1,0,0,0,1,1,27,10,2,3,2,3,10,1,1,0.6,0,0.8125,0.804166667
560,561,3,"1, 2, 3, 5",1,1,1,0,1,0,3,"1, 2",2,5,4,1,5,4,4,5,5,4,1,1,0,0,0,,0,20,9,4,5,2,4,9,3,1,0.7,0,0.625,0.808333333
561,562,2,2,0,1,0,0,0,0,2,1,1,5,5,5,5,4,1,1,5,1,2,1,0,0,0,0,0,41,9,4,5,2,4,9,3,1,0.4,0.5,0.8125,0.870833333
562,563,2,"1, 2, 4, 5, 6",1,1,0,1,1,1,3,"1, 2, 3, 4",4,5,4,2,4,4,4,4,5,4,1,1,1,1,0,,0,33,10,5,5,2,3,10,1,1,0.7,0,0.75,0.85
563,564,2,2,0,1,0,0,0,0,3,1,1,4,5,1,5,4,4,5,5,5,2,1,0,0,0,0,0,22,9,4,5,1,3,9,1,1,0.75,0,0.6125,0.7375
564,565,3,"1, 2, 3, 4, 5, 6",1,1,1,1,1,1,3,"1, 2, 3, 4",4,4,4,4,5,5,4,4,3,3,1,1,0,0,0,,0,24,10,4,5,2,3,10,1,4,0.55,0.25,0.9,0.9
565,566,3,"2, 4, 5",0,1,0,1,1,0,3,1,1,5,5,3,5,4,5,4,4,4,2,1,1,0,0,,0,21,9,4,5,2,3,9,1,1,0.7,0,0.7125,0.8375
566,567,3,6,0,0,0,0,0,1,4,4,1,1,1,1,1,1,1,1,1,1,2,1,0,0,0,0,1,23,1,1,2,5,3,1,4,4,0.2,0.25,0.2125,0.204166667
567,568,3,"1, 2",1,1,0,0,0,0,1,"3, 4",2,5,5,1,5,1,4,3,3,3,1,1,1,0,0,0,0,26,9,4,7,1,4,9,3,1,0.55,0,0.675,0.625
568,569,2,"1, 2, 5",1,1,0,0,1,0,4,"1, 2, 3, 4",4,4,5,4,5,3,3,5,3,3,2,1,0,0,0,,1,28,10,5,5,2,1,13,1,4,0.5,0,0.95,0.783333333
569,570,3,"1, 2, 4, 5",1,1,0,1,1,0,4,"1, 2",2,5,3,5,5,1,4,3,4,1,2,1,0,0,0,0,1,38,10,4,7,5,3,10,1,4,0.5,0,0.775,0.658333333
570,571,1,"1, 2, 4, 6",1,1,0,1,0,1,3,1,1,5,5,5,5,4,5,5,5,4,1,1,0,0,0,0,1,46,13,4,5,2,1,13,1,4,0.75,0,0.8125,0.870833333
571,572,2,2,0,1,0,0,0,0,3,2,1,5,5,4,4,4,3,3,4,2,2,1,0,0,0,0,0,27,10,4,5,2,2,10,1,1,0.5,0.25,0.7125,0.8375
572,573,2,"1, 4, 5, 6",1,0,0,1,1,1,3,"1, 3, 4",3,5,4,3,4,4,4,4,3,3,2,1,1,0,0,,1,46,9,4,7,4,1,10,1,1,0.55,0,0.7375,0.845833333
573,574,1,2,0,1,0,0,0,0,2,1,1,1,5,1,1,1,1,1,1,1,2,1,0,0,0,,0,32,3,4,7,2,3,3,2,2,0.2,0,0.4125,0.270833333
574,575,3,"2, 4, 5",0,1,0,1,1,0,1,"2, 3, 4",3,4,4,5,5,5,5,5,4,5,1,1,0,0,0,0,1,25,5,4,4,2,3,5,2,1,0.75,0.5,0.8875,0.895833333
575,576,2,"1, 2, 3, 5",1,1,1,0,1,0,1,"2, 3, 4",3,2,5,4,1,1,1,2,2,1,1,1,1,0,0,1,0,36,10,4,5,2,2,10,1,2,0.25,0.5,0.6875,0.429166667
576,577,2,"1, 2, 3, 4, 5, 6",1,1,1,1,1,1,4,"1, 2, 3, 4",4,4,3,3,3,4,4,4,4,4,"1, 3",2,1,1,0,,0,23,10,4,7,4,1,10,1,1,0.7,0,0.7,0.766666667
577,578,3,"1, 4, 5",1,0,0,1,1,0,1,"1, 2, 3",3,3,1,2,3,4,5,3,5,2,1,1,0,0,0,0,1,15,13,3,1,1,1,13,1,1,0.65,0.5,0.4875,0.629166667
578,579,1,"1, 2, 3, 4, 5",1,1,1,1,1,0,3,"1, 2, 3, 4",4,5,5,5,5,1,1,1,5,1,1,1,1,0,0,1,1,23,10,4,4,2,1,10,1,1,0.4,0.75,1,0.733333333
579,580,2,"1, 2, 6",1,1,0,0,0,1,3,"2, 4",2,5,5,4,5,4,4,4,4,5,1,1,1,0,1,1,1,25,1,4,1,1,3,1,2,3,0.7,0.25,0.825,0.875
580,581,3,5,0,0,0,0,1,0,3,"2, 4",2,4,2,1,3,1,2,2,4,1,3,1,1,0,0,,0,24,8,4,5,2,4,8,3,1,0.4,0.25,0.425,0.475
581,582,3,"1, 2, 3, 4, 5, 6",1,1,1,1,1,1,2,4,1,5,5,5,5,5,5,5,5,5,3,1,1,0,0,0,1,40,13,3,6,2,3,11,1,2,0.8,1,0.8125,0.9375
582,583,3,"1, 2, 3, 4, 5, 6",1,1,1,1,1,1,4,"1, 2, 3, 4",4,5,5,5,5,5,5,5,5,5,4,1,1,1,1,1,1,27,10,4,7,3,3,10,1,1,0.8,0,1,1
583,584,2,"1, 2, 3, 4, 5, 6",1,1,1,1,1,1,3,"2, 3",2,4,5,4,4,4,4,4,3,1,2,1,0,0,0,0,1,43,1,4,5,2,3,8,1,1,0.45,0,0.775,0.791666667
584,585,2,"1, 2, 5",1,1,0,0,1,0,4,"1, 2, 4",3,5,4,3,5,4,3,3,5,3,2,1,0,0,0,0,1,43,13,4,5,2,4,13,3,2,0.6,0.25,0.7875,0.8625
585,586,3,"4, 5, 6",0,0,0,1,1,1,2,"1, 2, 3",3,1,1,1,4,2,4,1,4,4,1,1,1,0,0,,0,28,10,4,5,2,4,10,3,1,0.65,0.5,0.4875,0.3625
586,587,3,1,1,0,0,0,0,0,4,4,1,5,5,4,5,2,3,4,4,3,1,1,1,0,0,1,1,39,10,4,6,2,1,10,1,2,0.55,0.25,0.7625,0.720833333
587,588,2,"1, 2, 3, 4, 5, 6",1,1,1,1,1,1,3,"2, 3",2,4,4,4,4,5,4,3,3,3,3,1,1,0,0,0,1,21,9,0,1,1,4,9,3,1,0.55,0.25,0.725,0.841666667
588,589,3,"1, 2, 4, 5",1,1,0,1,1,0,4,"1, 2, 3, 4",4,5,4,2,5,4,5,5,3,2,3,1,1,0,0,0,0,22,8,0,1,1,3,8,1,1,0.55,0.5,0.8,0.866666667
589,590,2,1,1,0,0,0,0,0,2,"1, 2, 3",3,4,3,2,5,4,1,1,4,1,1,1,1,0,0,1,1,23,10,4,4,2,1,10,2,1,0.35,0.5,0.6875,0.7625
590,591,2,"1, 2, 5, 6",1,1,0,0,1,1,3,"2, 3, 4",3,3,4,2,4,3,3,3,4,1,3,1,1,0,0,1,1,23,10,4,1,1,1,10,1,1,0.45,0,0.6875,0.629166667
591,592,2,6,0,0,0,0,0,1,2,2,1,4,4,3,4,5,3,3,4,3,2,1,0,0,0,0,1,22,10,0,1,1,1,10,1,1,0.55,0.5,0.6125,0.804166667
592,593,3,3,0,0,1,0,0,0,1,2,1,5,5,5,5,4,4,4,4,4,2,1,1,0,0,1,1,25,10,4,4,2,1,10,1,1,0.65,0.5,0.8125,0.870833333
593,594,2,"2, 5",0,1,0,0,1,0,3,2,1,5,5,3,5,3,3,4,4,4,1,1,1,0,0,1,0,24,8,4,5,2,1,1,1,1,0.6,0.25,0.7125,0.770833333
594,595,3,"1, 2, 3, 4, 5, 6",1,1,1,1,1,1,4,"1, 2, 3, 4",4,5,5,5,5,5,4,4,4,3,1,1,1,0,0,,1,23,10,0,1,1,1,10,1,1,0.6,0.5,1,1
595,596,2,2,0,1,0,0,0,0,1,1,1,5,5,4,5,4,5,4,5,4,2,1,1,0,0,1,0,28,8,4,5,2,3,8,3,2,0.75,0.5,0.7625,0.854166667
596,597,3,"1, 2, 4, 5",1,1,0,1,1,0,3,2,1,5,4,3,5,4,4,4,3,1,2,1,1,1,0,0,0,23,9,4,5,2,3,9,1,1,0.45,0.25,0.6625,0.820833333
597,598,2,"1, 2, 6",1,1,0,0,0,1,2,"1, 3, 4",3,4,4,2,4,5,3,3,3,3,1,1,1,0,0,,0,29,10,4,4,3,1,13,,4,0.5,0.25,0.6875,0.829166667
598,599,2,2,0,1,0,0,0,0,4,3,1,3,3,3,3,3,3,3,3,3,2,1,1,0,0,,0,28,10,4,7,3,1,13,1,1,0.5,0,0.5125,0.570833333
599,600,3,"1, 2, 5, 6",1,1,0,0,1,1,2,"1, 2, 3, 4",4,4,4,2,4,4,5,3,4,1,1,1,0,0,0,,0,28,10,4,4,4,1,10,1,1,0.55,0,0.75,0.783333333
600,601,1,"1, 2, 4",1,1,0,1,0,0,2,3,1,5,5,3,3,5,5,5,5,3,2,1,0,0,0,0,0,28,10,4,5,3,1,10,1,1,0.7,0.25,0.6125,0.870833333
601,602,2,"1, 2, 6",1,1,0,0,0,1,2,"1, 2, 3, 4",4,4,4,3,5,4,3,4,5,5,"1, 2",2,1,0,0,,1,24,10,4,7,2,4,10,4,1,0.75,0.5,0.85,0.816666667
602,603,3,"1, 5, 6",1,0,0,0,1,1,3,"1, 2, 3, 4",4,3,4,4,5,5,4,4,5,5,2,1,1,0,0,1,1,23,10,4,7,2,1,10,1,1,0.75,0,0.9,0.833333333
603,604,2,"1, 2",1,1,0,0,0,0,3,"2, 3, 4",3,3,5,1,5,3,2,3,4,3,1,1,0,0,0,,0,23,11,4,1,1,3,11,1,4,0.5,0,0.7375,0.645833333
604,605,2,"1, 2",1,1,0,0,0,0,3,"2, 3, 4",3,3,5,1,5,3,2,3,4,3,1,1,0,0,0,,0,23,11,4,1,1,3,11,1,4,0.5,0,0.7375,0.645833333
605,606,3,"1, 6",1,0,0,0,0,1,3,3,1,1,5,1,5,5,4,3,3,1,2,1,0,0,0,0,0,28,10,4,7,3,1,10,1,4,0.45,0.75,0.6125,0.604166667
606,607,2,6,0,0,0,0,0,1,4,"1, 4",2,4,4,4,4,5,5,2,4,3,2,1,1,1,0,1,1,32,10,4,7,5,3,10,1,1,0.65,0,0.725,0.841666667
607,608,3,"1, 5",1,0,0,0,1,0,3,1,1,3,3,4,5,1,4,3,4,4,2,1,0,0,0,0,0,28,10,4,7,3,4,10,3,1,0.65,0,0.6625,0.4875
608,609,2,5,0,0,0,0,1,0,2,"1, 3",2,3,4,1,3,3,2,2,3,1,2,1,0,0,0,0,0,27,7,4,5,2,3,7,2,4,0.35,0,0.525,0.575
609,610,3,"1, 2",1,1,0,0,0,0,1,2,1,3,4,4,5,1,1,3,3,1,2,1,0,0,0,0,0,29,8,5,5,2,1,10,1,1,0.3,0.75,0.7125,0.504166667
610,611,2,"1, 2, 3",1,1,1,0,0,0,3,"1, 2, 3, 4",4,5,5,3,3,3,3,5,2,3,2,1,1,1,0,1,1,22,1,4,1,1,1,1,2,4,0.45,0,0.8,0.8
611,612,1,4,0,0,0,1,0,0,1,3,1,3,3,1,3,4,5,5,3,1,2,1,0,0,0,0,0,28,10,4,4,2,1,10,2,1,0.5,0,0.4125,0.604166667
612,613,2,"1, 2, 5",1,1,0,0,1,0,2,"1, 2",2,5,5,1,4,1,1,1,4,1,1,1,0,0,0,0,0,52,10,6,5,2,1,10,1,1,0.35,0.5,0.625,0.608333333
613,614,3,"1, 2, 5",1,1,0,0,1,0,4,"1, 2, 3, 4",4,5,5,1,3,4,5,2,5,4,1,1,1,0,0,1,0,28,10,5,5,2,1,10,1,1,0.75,0.5,0.7,0.833333333
614,615,2,"1, 2, 5",1,1,0,0,1,0,3,"1, 2, 4",3,5,5,1,5,1,1,1,5,1,1,1,1,0,0,1,1,35,8,4,4,3,3,8,1,1,0.4,0.25,0.7375,0.645833333
615,616,3,6,0,0,0,0,0,1,2,3,1,3,4,4,3,5,4,1,4,2,2,1,1,0,0,0,0,28,10,4,5,2,1,10,1,1,0.55,0.25,0.6125,0.7375
616,617,3,"1, 2, 4, 5",1,1,0,1,1,0,4,"1, 2, 4",3,4,4,2,4,2,4,5,4,5,2,1,1,0,0,0,1,38,8,5,5,2,1,13,1,1,0.7,0,0.6875,0.629166667
617,618,2,"1, 2, 6",1,1,0,0,0,1,3,2,1,4,4,3,5,4,1,1,4,3,1,1,0,0,0,0,0,51,10,4,7,3,1,10,1,1,0.45,0.75,0.6625,0.754166667
618,619,2,"1, 2, 6",1,1,0,0,0,1,3,"2, 3",2,4,5,4,4,4,4,3,3,4,2,1,1,0,1,1,0,24,9,4,1,1,3,9,2,1,0.6,0.25,0.775,0.791666667
619,620,3,"1, 2, 4, 5, 6",1,1,0,1,1,1,1,"2, 3",2,5,5,1,5,4,4,5,5,4,1,1,1,0,0,,0,26,10,5,5,2,4,10,3,1,0.7,0.25,0.675,0.825
620,621,3,"1, 2, 4, 5",1,1,0,1,1,0,1,"2, 3, 4",3,4,4,1,4,4,4,5,4,4,"1, 2",2,1,0,0,0,0,18,13,3,1,1,1,13,1,1,0.7,1,0.6375,0.745833333
621,622,3,"1, 2, 5",1,1,0,0,1,0,4,"1, 2, 4",3,4,4,4,5,4,4,5,5,4,3,1,1,1,1,1,1,39,4,5,5,2,3,4,2,1,0.7,0.25,0.8375,0.8125
622,623,3,"1, 2, 4, 5",1,1,0,1,1,0,4,"1, 2, 3, 4",4,5,3,3,4,1,1,1,4,1,2,1,1,0,0,0,1,30,8,4,4,2,1,10,1,1,0.35,0.25,0.75,0.65
623,624,3,"1, 2, 3, 5",1,1,1,0,1,0,2,"2, 3",2,3,5,4,5,4,5,1,3,1,2,1,0,0,0,1,0,29,10,5,7,2,1,10,1,1,0.5,0.25,0.825,0.741666667
624,625,3,"1, 2, 3, 5",1,1,1,0,1,0,4,"1, 2, 4",3,5,5,5,5,3,3,3,5,5,3,1,1,0,0,,1,43,9,4,7,5,1,10,1,1,0.7,0.25,0.9375,0.845833333
625,626,3,"1, 2, 3, 5",1,1,1,0,1,0,4,"1, 2, 4",3,5,5,5,5,3,3,3,5,5,3,1,1,0,0,,1,43,9,4,7,5,1,10,1,1,0.7,0.75,0.9375,0.845833333
626,627,2,6,0,0,0,0,0,1,3,"2, 3",2,3,4,4,4,5,4,4,5,2,1,1,1,0,1,1,0,26,8,5,5,2,1,8,1,1,0.6,0,0.725,0.775
627,628,1,"1, 2, 5",1,1,0,0,1,0,1,"1, 2, 3, 4",4,5,5,2,4,2,3,5,5,2,4,1,0,0,0,0,1,41,13,5,7,5,1,13,1,1,0.55,0,0.8,0.733333333
628,629,3,"1, 2, 3, 4, 5",1,1,1,1,1,0,4,"1, 3, 4",3,3,5,4,5,4,4,4,3,4,2,1,0,0,0,,1,23,10,4,4,2,2,10,1,1,0.6,0.25,0.8875,0.7625
629,630,3,"1, 2, 4",1,1,0,1,0,0,2,"2, 3",2,5,4,5,5,4,1,1,5,1,2,1,1,0,0,,0,33,8,5,5,2,3,14,1,1,0.4,0,0.825,0.875
630,631,3,"2, 3, 4",0,1,1,1,0,0,1,3,1,4,5,3,2,4,4,3,3,2,2,1,0,0,0,0,0,28,10,5,4,4,5,15,2,1,0.5,0.5,0.5625,0.720833333
631,632,3,"1, 2, 6",1,1,0,0,0,1,4,"1, 2, 3, 4",4,4,4,4,5,5,4,4,4,4,1,1,1,1,0,0,1,28,10,4,4,4,1,13,1,1,0.65,0.75,0.9,0.9
632,633,3,"1, 5, 6",1,0,0,0,1,1,3,"1, 2, 3, 4",4,5,4,4,5,4,4,4,5,5,3,1,1,0,1,1,1,28,4,4,7,5,3,4,2,1,0.75,0,0.9,0.9
633,634,1,"2, 4, 5, 6",0,1,0,1,1,1,3,"2, 3, 4",3,5,5,4,3,4,4,1,5,1,1,1,0,0,0,0,1,17,10,0,1,1,1,10,1,1,0.55,0.25,0.7875,0.8625
634,635,2,"1, 2, 4, 5",1,1,0,1,1,0,4,"1, 2, 3, 4",4,4,4,3,4,3,4,4,4,3,2,1,1,0,0,0,0,23,9,4,1,1,3,9,1,1,0.6,0.25,0.8,0.733333333
635,636,2,"1, 2, 3, 4, 5, 6",1,1,1,1,1,1,4,"1, 2, 3, 4",4,4,4,4,5,4,5,5,5,1,2,1,1,0,0,,0,19,9,0,5,2,4,9,4,1,0.6,0.25,0.9,0.833333333
636,637,2,"1, 2, 4, 5, 6",1,1,0,1,1,1,3,"2, 3, 4",3,4,5,1,5,4,4,4,5,4,1,1,1,0,0,0,0,23,8,4,1,2,4,8,3,1,0.7,0.5,0.7375,0.779166667
637,638,2,"4, 5",0,0,0,1,1,0,3,"2, 3",2,2,4,4,5,1,5,4,5,5,2,1,0,1,1,,1,23,10,4,4,2,1,10,1,1,0.8,0,0.775,0.458333333
638,639,2,"1, 2, 3, 5",1,1,1,0,1,0,1,"1, 2, 3, 4",4,5,5,3,4,4,1,1,4,1,2,1,0,0,0,0,0,57,13,4,7,3,1,10,1,1,0.35,0.25,0.85,0.883333333
639,640,3,1,1,0,0,0,0,0,2,1,1,5,4,1,5,4,1,1,4,4,1,1,1,0,0,,0,48,10,6,5,2,1,10,1,1,0.5,0.25,0.5625,0.7875
640,641,3,"1, 2, 5, 6",1,1,0,0,1,1,3,"2, 3, 4",3,2,4,1,3,4,2,2,1,2,1,1,1,0,0,,0,21,13,0,1,1,1,13,1,1,0.3,0.5,0.5875,0.595833333
641,642,3,"1, 2, 4, 5",1,1,0,1,1,0,1,"1, 2, 3, 4",4,2,1,1,3,1,1,2,2,2,2,1,1,0,0,1,0,45,13,6,5,2,1,13,1,1,0.3,0.25,0.5,0.366666667
642,643,2,"1, 2, 5",1,1,0,0,1,0,2,"1, 2, 4",3,4,4,1,4,4,4,5,4,3,3,1,1,0,0,0,0,28,10,4,5,2,3,10,1,1,0.6,0,0.6375,0.745833333
643,644,2,"1, 2, 3, 4, 5, 6",1,1,1,1,1,1,2,"1, 2, 3",3,5,5,5,5,4,4,5,5,3,1,1,0,0,0,0,1,27,10,4,7,2,1,10,1,1,0.65,0.25,0.9375,0.9125
644,645,3,"1, 2, 3, 4, 5",1,1,1,1,1,0,2,"1, 2",2,4,4,2,5,4,4,1,5,2,2,1,1,0,0,0,0,21,13,4,1,1,1,13,1,1,0.6,0,0.675,0.758333333
645,646,2,1,1,0,0,0,0,0,2,2,1,3,5,3,4,4,4,1,4,1,2,1,0,0,0,0,0,30,10,4,5,2,4,10,3,4,0.5,0.25,0.6625,0.6875
646,647,3,3,0,0,1,0,0,0,3,1,1,5,4,2,4,2,2,3,4,2,2,1,1,0,0,0,0,32,10,5,5,2,3,10,1,1,0.45,0,0.5625,0.654166667
647,648,3,1,1,0,0,0,0,0,1,1,1,5,4,4,4,5,1,4,2,2,2,1,0,0,0,0,1,35,10,5,5,2,3,10,1,1,0.3,0,0.6625,0.8875
648,649,2,"1, 2",1,1,0,0,0,0,4,"1, 3, 4",3,5,5,3,4,4,4,5,4,5,3,1,0,0,0,0,1,63,11,4,4,4,1,13,1,1,0.7,0.25,0.7875,0.8625
649,650,2,"1, 2, 3, 5",1,1,1,0,1,0,2,"1, 2",2,5,4,3,4,3,3,4,4,4,2,1,1,0,0,,0,52,8,6,5,2,1,10,1,4,0.6,0,0.675,0.758333333
650,651,3,"1, 5, 6",1,0,0,0,1,1,3,"1, 2, 3, 4",4,5,4,2,4,5,3,2,3,3,1,1,0,0,0,0,0,31,13,4,4,4,1,13,1,1,0.5,0.25,0.75,0.916666667
651,652,1,2,0,1,0,0,0,0,2,1,1,1,5,1,1,1,1,1,1,1,2,1,1,0,0,0,0,32,3,4,7,2,3,3,2,2,0.2,0,0.4125,0.270833333
652,653,3,"1, 2, 4, 6",1,1,0,1,0,1,1,"2, 3, 4",3,1,4,1,1,4,4,1,1,1,1,1,0,0,0,0,0,29,10,4,5,1,3,10,1,1,0.35,0,0.4875,0.495833333
653,654,1,2,0,1,0,0,0,0,1,"3, 4",2,5,4,1,4,4,2,3,4,4,2,1,0,0,0,,1,18,10,0,1,1,1,10,1,1,0.55,0.5,0.575,0.791666667
654,655,1,"1, 2",1,1,0,0,0,0,3,2,1,5,4,2,5,4,1,3,4,1,2,1,0,0,1,1,0,40,10,6,5,2,2,10,1,1,0.35,0.75,0.6125,0.804166667
655,656,2,"1, 2",1,1,0,0,0,0,2,4,1,5,5,3,3,3,3,3,5,3,3,1,1,0,1,1,1,45,10,4,7,2,1,10,1,2,0.6,0,0.6125,0.7375
656,657,2,"1, 2, 5, 6",1,1,0,0,1,1,3,"1, 2, 4",3,5,5,1,4,4,4,5,5,4,3,1,0,0,0,,1,65,10,4,4,2,1,10,1,1,0.7,0,0.6875,0.829166667
657,658,2,"1, 2, 5",1,1,0,0,1,0,1,"1, 2, 3",3,4,4,3,4,2,2,4,3,4,3,1,0,0,0,0,1,54,7,5,7,5,1,13,1,4,0.5,0,0.7375,0.645833333
658,659,3,1,1,0,0,0,0,0,1,1,1,4,4,4,4,4,4,1,3,3,2,1,0,0,0,0,0,39,13,4,2,1,1,13,1,1,0.55,0.25,0.6625,0.754166667
659,660,3,"1, 2, 4, 5, 6",1,1,0,1,1,1,2,"2, 3, 4",3,4,5,2,4,4,4,4,3,3,1,1,1,0,0,,0,24,10,4,7,3,1,10,1,1,0.55,0.25,0.7375,0.779166667
660,661,2,"1, 2, 4, 5",1,1,0,1,1,0,3,"1, 2, 3, 4",4,4,4,3,5,4,2,3,5,3,3,1,1,0,0,,0,24,8,4,1,1,3,10,1,1,0.55,0.25,0.85,0.816666667
661,662,2,5,0,0,0,0,1,0,3,3,1,4,5,4,4,4,4,4,3,1,2,1,0,0,0,1,0,27,10,5,5,2,3,10,1,1,0.45,0,0.7125,0.770833333
662,663,1,"3, 4",0,0,1,1,0,0,3,3,1,4,4,3,5,4,5,5,4,4,3,1,0,0,0,,0,31,10,4,5,2,3,10,3,2,0.7,0.5,0.6625,0.754166667
663,664,3,"1, 4, 5, 6",1,0,0,1,1,1,4,"1, 2, 3, 4",4,4,4,1,5,5,4,2,3,2,1,1,1,0,0,1,0,23,1,4,1,1,3,1,1,1,0.5,0.75,0.75,0.85
664,665,3,"1, 2, 5, 6",1,1,0,0,1,1,4,"1, 2, 3, 4",4,5,5,4,5,4,4,5,4,5,3,1,1,1,0,1,0,22,8,4,4,2,1,10,1,4,0.7,0.25,0.95,0.916666667
665,666,2,1,1,0,0,0,0,0,3,2,1,5,5,1,4,1,5,4,4,1,2,1,1,0,0,0,0,30,10,4,5,2,4,10,3,2,0.55,0.25,0.5625,0.5875
666,667,3,1,1,0,0,0,0,0,1,2,1,5,4,3,4,3,2,3,4,5,2,1,0,0,0,1,0,21,7,4,1,1,4,7,4,1,0.6,0.25,0.6125,0.7375
667,668,3,"1, 2, 3, 4, 5, 6",1,1,1,1,1,1,3,"1, 2, 3, 4",4,4,5,4,4,5,5,4,4,5,1,1,1,0,0,0,1,24,10,4,7,3,1,10,1,1,0.75,0.25,0.9,0.9
668,669,3,"1, 2, 4, 5",1,1,0,1,1,0,2,"1, 2",2,5,5,3,5,4,4,4,4,4,1,1,1,0,0,0,0,26,10,4,5,2,1,10,1,1,0.65,0.25,0.775,0.858333333
669,670,2,"1, 2",1,1,0,0,0,0,4,"1, 4",2,5,5,3,5,3,5,4,5,5,3,1,1,0,0,0,1,63,11,4,4,4,1,13,1,1,0.8,0.25,0.775,0.791666667
670,671,2,"1, 2, 3, 4, 5",1,1,1,1,1,0,1,2,1,3,5,3,5,3,4,5,5,1,2,1,1,0,0,,0,27,10,4,5,2,4,10,3,2,0.55,0.25,0.7125,0.6375
671,672,3,"1, 2, 4, 5, 6",1,1,0,1,1,1,3,"1, 2, 3, 4",4,5,5,4,5,5,5,4,3,4,1,1,0,0,0,1,0,30,8,4,5,2,4,8,3,1,0.65,0,0.95,0.983333333
672,673,2,"1, 3, 4, 6",1,0,1,1,0,1,1,"1, 2, 3",3,5,4,4,5,2,2,4,4,5,2,1,0,0,0,0,0,21,8,3,1,1,1,8,1,1,0.6,0.5,0.8375,0.745833333
673,674,3,"1, 2, 3, 4, 5, 6",1,1,1,1,1,1,3,"1, 2, 3, 4",4,5,4,4,5,5,4,4,4,4,1,1,1,1,0,0,1,28,10,4,7,1,4,10,1,1,0.65,0.25,0.9,0.966666667
674,675,1,2,0,1,0,0,0,0,1,1,1,5,4,4,5,4,2,4,4,4,1,1,1,0,0,0,0,47,10,6,5,2,1,7,1,1,0.55,0.5,0.7125,0.8375
675,676,2,"1, 2, 4, 5",1,1,0,1,1,0,2,"1, 2, 3",3,4,4,1,5,1,4,4,4,4,"1, 3, 2",3,1,1,0,0,0,30,9,5,5,2,4,9,3,1,0.75,0.5,0.6875,0.5625
676,677,2,1,1,0,0,0,0,0,4,4,1,5,4,4,5,4,4,4,5,3,3,1,1,0,0,1,1,30,9,4,3,1,2,15,1,4,0.65,0.25,0.7125,0.8375
677,678,3,"1, 2, 3, 4",1,1,1,1,0,0,4,"1, 2, 4",3,5,5,4,5,4,5,5,5,5,2,1,1,0,0,,1,28,10,4,4,2,3,10,1,1,0.8,0,0.8875,0.895833333
678,679,2,"1, 2, 5",1,1,0,0,1,0,2,"1, 2, 3, 4",4,3,5,1,4,2,1,1,1,1,2,1,0,0,0,0,0,38,13,4,4,4,1,13,1,1,0.2,0.5,0.75,0.583333333
679,680,2,"1, 5, 6",1,0,0,0,1,1,2,"1, 2, 3, 4",4,4,2,1,4,5,3,3,4,2,1,1,1,0,1,0,0,18,8,4,1,1,3,10,1,1,0.5,0,0.6,0.8
680,681,3,6,0,0,0,0,0,1,3,"1, 3",2,3,4,3,4,4,4,3,2,3,1,1,0,0,0,0,1,36,10,4,5,1,3,10,1,4,0.5,0.25,0.675,0.691666667
681,682,2,"1, 2, 5",1,1,0,0,1,0,1,"1, 2, 3, 4",4,5,5,1,3,3,3,1,3,1,2,1,1,0,0,0,0,24,8,4,7,3,3,8,1,1,0.4,0.25,0.7,0.766666667
682,683,2,"1, 2, 4",1,1,0,1,0,0,3,"1, 2",2,5,5,4,5,4,5,4,4,4,1,1,1,0,0,,0,22,8,0,1,1,1,8,3,1,0.7,0.25,0.825,0.875
683,684,3,"1, 2, 6",1,1,0,0,0,1,2,"2, 3",2,2,4,1,1,5,1,1,1,1,2,1,1,0,0,0,0,30,8,5,5,2,4,8,3,1,0.2,1,0.425,0.608333333
684,685,3,"1, 2, 3, 4, 5",1,1,1,1,1,0,1,"1, 2, 3, 4",4,5,5,5,5,4,5,4,5,5,3,1,1,1,1,1,1,44,10,4,4,3,1,10,1,1,0.8,0.25,1,0.933333333
685,686,1,2,0,1,0,0,0,0,1,2,1,3,5,5,5,3,2,5,5,5,1,1,0,0,0,1,1,52,9,5,5,2,2,9,1,1,0.65,0.25,0.8125,0.670833333
686,687,3,"1, 2, 5",1,1,0,0,1,0,2,2,1,3,5,1,5,1,1,1,4,1,2,1,1,0,0,0,0,50,9,6,5,2,1,13,1,1,0.35,0.25,0.6125,0.470833333
687,688,2,"1, 2, 3, 4, 5, 6",1,1,1,1,1,1,3,"1, 2, 3, 4",4,5,5,5,5,4,3,4,5,5,2,1,1,0,0,,1,28,10,4,4,3,3,10,1,1,0.7,0.25,1,0.933333333
688,689,2,"1, 4, 5, 6",1,0,0,1,1,1,2,"2, 3, 4",3,4,4,3,3,5,5,3,3,3,2,1,0,0,0,1,0,23,13,4,1,1,1,10,1,1,0.6,0,0.6875,0.829166667
689,690,1,2,0,1,0,0,0,0,2,1,1,4,5,4,4,2,4,4,4,3,1,1,0,0,0,0,0,47,10,6,5,2,1,7,2,1,0.6,0.25,0.7125,0.6375
690,691,2,"1, 2",1,1,0,0,0,0,1,3,1,5,5,2,4,2,3,2,5,3,3,1,1,0,0,0,0,25,10,4,7,2,4,10,3,1,0.6,0.5,0.6125,0.670833333
691,692,3,"1, 2, 4",1,1,0,1,0,0,2,"1, 2, 3, 4",4,5,5,4,5,4,5,5,4,5,1,1,1,1,0,,1,22,11,4,1,1,3,11,1,1,0.75,0.25,0.95,0.916666667
692,693,2,"1, 2, 6",1,1,0,0,0,1,3,"1, 2, 3, 4",4,5,3,2,3,3,4,2,3,2,1,1,1,0,0,,0,28,10,4,4,2,1,10,1,1,0.5,0.5,0.65,0.75
693,694,1,"1, 2",1,1,0,0,0,0,1,2,1,4,5,5,5,4,4,3,4,3,1,1,1,0,0,1,0,42,8,6,5,2,3,8,1,1,0.6,0.5,0.8125,0.804166667
694,695,1,"1, 2, 5, 6",1,1,0,0,1,1,3,"2, 3",2,4,5,2,4,4,2,2,4,4,"1, 3",2,1,1,0,,0,24,10,4,1,1,1,10,1,1,0.6,0.25,0.675,0.758333333
695,696,3,"1, 2, 4, 5, 6",1,1,0,1,1,1,2,"1, 2, 3, 4",4,4,4,1,2,4,2,4,4,4,2,1,0,0,0,1,1,35,10,1,2,1,1,10,1,1,0.55,0.5,0.6,0.733333333
696,697,2,"1, 2, 4, 6",1,1,0,1,0,1,3,"1, 2, 3, 4",4,5,5,5,5,5,5,5,5,5,1,1,1,0,0,1,0,29,10,4,2,2,1,10,,1,0.8,0,1,1
697,698,3,1,1,0,0,0,0,0,3,2,1,5,4,4,5,4,4,4,5,5,1,1,0,0,0,0,0,32,8,5,5,2,1,13,1,1,0.75,0,0.7125,0.8375
